,class,country,countrycode,dead_during_wave,population,si_integral_during_wave,t0_10_dead,tests_during_wave,wave,wave_end,wave_start,class_coarse,si_integral,last_dead_per_10k,last_tests_per_10k,si_response_time,c1_response_time,c2_response_time,c3_response_time,c4_response_time,c5_response_time,c6_response_time,c7_response_time,c8_response_time,h2_response_time,h3_response_time,testing_response_time_1,testing_response_time_10,testing_response_time_100,testing_response_time_1000
0,4.0,Aruba,ABW,45.0,106314.0,14586.725,2020-09-01,0.0,1.0,2020-11-22,2020-03-17,EPI_SECOND_WAVE,34875.74,10.064525838553719,0.0,-156.0,-169.0,-156.0,-156.0,-156.0,,-156.0,-156.0,-168.0,,189.0,,,,
1,4.0,Aruba,ABW,62.0,106314.0,10461.12,2021-01-26,0.0,2.0,2021-07-01,2020-11-22,EPI_SECOND_WAVE,34875.74,10.064525838553719,0.0,-156.0,-169.0,-156.0,-156.0,-156.0,,-156.0,-156.0,-168.0,,189.0,,,,
2,5.0,Afghanistan,AFG,1466.0,38041754.0,13709.214999999998,2020-04-07,0.0,1.0,2020-10-04,2020-02-24,EPI_THIRD_WAVE,27039.055000000004,1.3043562607549588,0.0,-10.0,-24.0,-14.0,-37.0,-2.0,-10.0,-13.0,5.0,488.0,133.0,133.0,,,,
3,5.0,Afghanistan,AFG,980.0,38041754.0,1898.5699999999995,2020-10-09,0.0,2.0,2021-03-04,2020-10-04,EPI_THIRD_WAVE,27039.055000000004,1.3043562607549588,0.0,-10.0,-24.0,-14.0,-37.0,-2.0,-10.0,-13.0,5.0,488.0,133.0,133.0,,,,
4,5.0,Afghanistan,AFG,0.0,38041754.0,11418.775000000001,2021-03-14,0.0,3.0,2022-06-08,2021-03-04,EPI_THIRD_WAVE,27039.055000000004,1.3043562607549588,0.0,-10.0,-24.0,-14.0,-37.0,-2.0,-10.0,-13.0,5.0,488.0,133.0,133.0,,,,
5,3.0,Angola,AGO,500.0,31825295.0,24449.82,2020-06-23,0.0,1.0,2021-02-24,2020-03-21,EPI_SECOND_WAVE,49123.14,0.28279392225586597,0.0,-88.0,-91.0,-88.0,-88.0,-88.0,-88.0,-88.0,-88.0,-95.0,120.0,655.0,,,,
6,3.0,Angola,AGO,0.0,31825295.0,24364.945,2021-03-03,0.0,2.0,2022-06-08,2021-02-24,EPI_SECOND_WAVE,49123.14,0.28279392225586597,0.0,-88.0,-91.0,-88.0,-88.0,-88.0,-88.0,-88.0,-88.0,-95.0,120.0,655.0,,,,
7,4.0,Albania,ALB,1199.0,2854191.0,20268.434999999998,2020-03-30,257508.0,1.0,2021-01-05,2020-03-09,EPI_SECOND_WAVE,43505.795,8.604890142250467,2778.1935406565294,-17.0,-21.0,,-21.0,19.0,-17.0,-17.0,-17.0,-7.0,424.0,57.0,-18.0,9.0,105.0,290.0
8,4.0,Albania,ALB,1263.0,2854191.0,9743.100000000002,2021-01-06,538806.5,2.0,2021-07-01,2021-01-05,EPI_SECOND_WAVE,43505.795,8.604890142250467,2778.1935406565294,-17.0,-21.0,,-21.0,19.0,-17.0,-17.0,-17.0,-7.0,424.0,57.0,-18.0,9.0,105.0,290.0
9,2.0,Andorra,AND,127.0,77142.0,23497.079999999998,2020-03-31,0.0,1.0,2021-07-01,2020-03-03,EPI_FIRST_WAVE,35565.994999999995,16.46314588680615,0.0,393.0,-15.0,-17.0,98.0,174.0,,393.0,,,18.0,120.0,,,,
10,3.0,United Arab Emirates,ARE,358.0,9770529.0,10572.240000000002,2020-04-05,5982437.5,1.0,2020-08-14,2020-01-29,EPI_SECOND_WAVE,41617.130000000005,1.8535332119683592,59229.559115990545,-13.0,-28.0,,-20.0,-9.0,-1.0,-13.0,-13.0,-11.0,8.0,-64.0,-56.0,-43.0,-19.0,19.0
11,3.0,United Arab Emirates,ARE,0.0,9770529.0,31026.82,2020-08-21,0.0,2.0,2022-06-08,2020-08-14,EPI_SECOND_WAVE,41617.130000000005,1.8535332119683592,59229.559115990545,-13.0,-28.0,,-20.0,-9.0,-1.0,-13.0,-13.0,-11.0,8.0,-64.0,-56.0,-43.0,-19.0,19.0
12,2.0,Argentina,ARG,104818.0,44938712.0,39789.705,2020-03-17,17111702.0,1.0,2021-07-01,2020-03-03,EPI_FIRST_WAVE,55697.455,23.324656033755485,3807.9268938549017,2.0,-1.0,2.0,-6.0,2.0,6.0,2.0,3.0,-1.0,735.0,-13.0,10.0,35.0,105.0,270.0
13,6.0,Armenia,ARM,887.0,2957731.0,,2020-04-09,213525.0,1.0,2020-09-03,2020-03-02,EPI_THIRD_WAVE,,15.271841827400802,4019.9041089267416,,,,,,,,,,,,-27.0,-10.0,29.0,174.0
14,6.0,Armenia,ARM,2251.0,2957731.0,,2020-09-06,465150.0,2.0,2021-02-11,2020-09-03,EPI_THIRD_WAVE,,15.271841827400802,4019.9041089267416,,,,,,,,,,,,-27.0,-10.0,29.0,174.0
15,6.0,Armenia,ARM,1387.0,2957731.0,,2021-02-15,515384.0,3.0,2021-07-01,2021-02-11,EPI_THIRD_WAVE,,15.271841827400802,4019.9041089267416,,,,,,,,,,,,-27.0,-10.0,29.0,174.0
16,4.0,Australia,AUS,102.0,25364307.0,6805.104999999998,2020-03-27,1779408.0,1.0,2020-06-13,2020-01-25,EPI_SECOND_WAVE,48194.58499999999,0.3587718757701521,8152.283048774011,-3.0,-3.0,128.0,-9.0,2.0,,6.0,-8.0,-7.0,31.0,-62.0,-18.0,-11.0,5.0,97.0
17,4.0,Australia,AUS,808.0,25364307.0,23349.260000000002,2020-07-17,18935519.0,2.0,2021-07-01,2020-06-13,EPI_SECOND_WAVE,48194.58499999999,0.3587718757701521,8152.283048774011,-3.0,-3.0,128.0,-9.0,2.0,,6.0,-8.0,-7.0,31.0,-62.0,-18.0,-11.0,5.0,97.0
18,4.0,Austria,AUT,749.0,8877067.0,6098.525000000001,2020-03-20,454632.0,1.0,2020-06-04,2020-02-26,EPI_SECOND_WAVE,46795.16,14.726710973342884,62159.019414858536,-4.0,242.0,-4.0,-9.0,-4.0,,-4.0,-7.0,,70.0,10.0,13.0,13.0,13.0,133.0
19,4.0,Austria,AUT,12327.0,8877067.0,24322.355,2020-06-08,54732854.0,2.0,2021-07-01,2020-06-04,EPI_SECOND_WAVE,46795.16,14.726710973342884,62159.019414858536,-4.0,242.0,-4.0,-9.0,-4.0,,-4.0,-7.0,,70.0,10.0,13.0,13.0,13.0,133.0
20,6.0,Azerbaijan,AZE,596.0,10023318.0,17762.72,2020-04-12,0.0,1.0,2020-10-06,2020-02-29,EPI_THIRD_WAVE,54537.670000000006,4.962428608969605,549.5246184945943,-24.0,-40.0,-12.0,-29.0,-29.0,70.0,-12.0,-24.0,4.0,224.0,-44.0,382.0,382.0,382.0,382.0
21,6.0,Azerbaijan,AZE,2575.0,10023318.0,9589.015,2020-10-12,0.0,2.0,2021-02-13,2020-10-06,EPI_THIRD_WAVE,54537.670000000006,4.962428608969605,549.5246184945943,-24.0,-40.0,-12.0,-29.0,-29.0,70.0,-12.0,-24.0,4.0,224.0,-44.0,382.0,382.0,382.0,382.0
22,6.0,Azerbaijan,AZE,1807.0,10023318.0,9709.510000000002,2021-02-16,550806.0,3.0,2021-07-01,2021-02-13,EPI_THIRD_WAVE,54537.670000000006,4.962428608969605,549.5246184945943,-24.0,-40.0,-12.0,-29.0,-29.0,70.0,-12.0,-24.0,4.0,224.0,-44.0,382.0,382.0,382.0,382.0
23,6.0,Belgium,BEL,9755.0,11484055.0,8713.744999999999,2020-03-15,1369725.0,1.0,2020-07-08,2020-02-04,EPI_THIRD_WAVE,42362.295,22.05928132528101,13378.266648844854,3.0,379.0,3.0,-1.0,3.0,,3.0,-1.0,5.0,406.0,-18.0,-11.0,-1.0,24.0,98.0
24,6.0,Belgium,BEL,10429.0,11484055.0,10363.574999999997,2020-07-14,5860625.0,2.0,2021-01-07,2020-07-08,EPI_THIRD_WAVE,42362.295,22.05928132528101,13378.266648844854,3.0,379.0,3.0,-1.0,3.0,,3.0,-1.0,5.0,406.0,-18.0,-11.0,-1.0,24.0,98.0
25,6.0,Belgium,BEL,5209.0,11484055.0,10461.37,2021-01-08,8191738.0,3.0,2021-07-01,2021-01-07,EPI_THIRD_WAVE,42362.295,22.05928132528101,13378.266648844854,3.0,379.0,3.0,-1.0,3.0,,3.0,-1.0,5.0,406.0,-18.0,-11.0,-1.0,24.0,98.0
26,4.0,Benin,BEN,41.0,11801151.0,9981.260000000002,2020-06-18,0.0,1.0,2020-10-06,2020-03-17,EPI_SECOND_WAVE,33304.020000000004,0.08812699710392656,0.0,-80.0,-80.0,,-93.0,-80.0,-80.0,,-80.0,-32.0,445.0,-103.0,,,,
27,4.0,Benin,BEN,63.0,11801151.0,9862.814999999999,2021-02-01,0.0,2.0,2021-07-01,2020-10-06,EPI_SECOND_WAVE,33304.020000000004,0.08812699710392656,0.0,-80.0,-80.0,,-93.0,-80.0,-80.0,,-80.0,-32.0,445.0,-103.0,,,,
28,2.0,Burkina Faso,BFA,168.0,20321378.0,17192.739999999998,2020-03-25,0.0,1.0,2021-07-01,2020-03-10,EPI_FIRST_WAVE,21655.455,0.08267155898581287,0.0,-4.0,-9.0,,-13.0,,-2.0,-4.0,-4.0,-4.0,169.0,-16.0,,,,
29,5.0,Bangladesh,BGD,8337.0,163046161.0,27529.445000000007,2020-04-06,3923325.0,1.0,2021-02-19,2020-03-08,EPI_THIRD_WAVE,53711.62,0.8982732196926734,405.4227317869815,-18.0,-21.0,-18.0,-16.0,-18.0,-18.0,-18.0,-18.0,385.0,295.0,345.0,11.0,40.0,154.0,
30,5.0,Bangladesh,BGD,4072.0,163046161.0,7741.3150000000005,2021-02-21,1930537.0,2.0,2021-05-24,2021-02-19,EPI_THIRD_WAVE,53711.62,0.8982732196926734,405.4227317869815,-18.0,-21.0,-18.0,-16.0,-18.0,-18.0,-18.0,-18.0,385.0,295.0,345.0,11.0,40.0,154.0,
31,5.0,Bangladesh,BGD,0.0,163046161.0,17822.774999999998,2021-05-25,0.0,3.0,2022-06-08,2021-05-24,EPI_THIRD_WAVE,53711.62,0.8982732196926734,405.4227317869815,-18.0,-21.0,-18.0,-16.0,-18.0,-18.0,-18.0,-18.0,385.0,295.0,345.0,11.0,40.0,154.0,
32,4.0,Bulgaria,BGR,8811.0,6975761.0,15686.740000000002,2020-04-02,1350332.0,1.0,2021-01-24,2020-03-08,EPI_SECOND_WAVE,36690.84,25.8910819909111,4566.414330995572,-15.0,-20.0,257.0,-20.0,-20.0,,-15.0,-15.0,42.0,458.0,27.0,17.0,17.0,49.0,211.0
33,4.0,Bulgaria,BGR,9262.0,6975761.0,8102.59,2021-01-26,1839568.5,2.0,2021-07-01,2021-01-24,EPI_SECOND_WAVE,36690.84,25.8910819909111,4566.414330995572,-15.0,-20.0,257.0,-20.0,-20.0,,-15.0,-15.0,42.0,458.0,27.0,17.0,17.0,49.0,211.0
34,4.0,Bahrain,BHR,341.0,1641172.0,18154.765,2020-05-14,2329846.0,1.0,2020-12-01,2020-02-24,EPI_SECOND_WAVE,41923.200000000004,8.238015272012927,32303.929752640186,-57.0,-78.0,-49.0,-57.0,-53.0,,126.0,,,-44.0,-81.0,-65.0,-65.0,-56.0,-7.0
35,4.0,Bahrain,BHR,1011.0,1641172.0,11858.705000000002,2020-12-26,2982018.5,2.0,2021-07-01,2020-12-01,EPI_SECOND_WAVE,41923.200000000004,8.238015272012927,32303.929752640186,-57.0,-78.0,-49.0,-57.0,-53.0,,126.0,,,-44.0,-81.0,-65.0,-65.0,-56.0,-7.0
36,3.0,Bahamas,BHS,181.0,389482.0,22528.48,2020-04-25,0.0,1.0,2020-12-28,2020-03-17,EPI_SECOND_WAVE,48706.979999999996,6.316081359343949,0.0,-36.0,-40.0,-36.0,-36.0,-36.0,-36.0,-36.0,-32.0,-32.0,380.0,-42.0,,,,
37,3.0,Bahamas,BHS,0.0,389482.0,25745.030000000002,2021-02-14,0.0,2.0,2022-06-08,2020-12-28,EPI_SECOND_WAVE,48706.979999999996,6.316081359343949,0.0,-36.0,-40.0,-36.0,-36.0,-36.0,-36.0,-36.0,-32.0,-32.0,380.0,-42.0,,,,
38,4.0,Bosnia and Herzegovina,BIH,4892.0,3301000.0,19226.450000000004,2020-03-31,656911.75,1.0,2021-02-14,2020-03-05,EPI_SECOND_WAVE,36353.535,29.22447743108149,3536.081490457437,-14.0,-20.0,-14.0,-14.0,-13.0,-14.0,-11.0,-11.0,41.0,477.0,,2.0,2.0,33.0,219.0
39,4.0,Bosnia and Herzegovina,BIH,4766.0,3301000.0,5721.2300000000005,2021-02-16,513171.25,2.0,2021-07-01,2021-02-14,EPI_SECOND_WAVE,36353.535,29.22447743108149,3536.081490457437,-14.0,-20.0,-14.0,-14.0,-13.0,-14.0,-11.0,-11.0,41.0,477.0,,2.0,2.0,33.0,219.0
40,4.0,Belarus,BLR,599.0,9466856.0,2399.415000000001,2020-04-07,1459909.7272727273,1.0,2020-08-14,2020-02-29,EPI_SECOND_WAVE,18473.72,3.320004022454762,6680.020800992431,,,,,376.0,,,,205.0,13.0,2.0,-26.0,-26.0,12.0,81.0
41,4.0,Belarus,BLR,2548.0,9466856.0,8833.6,2020-08-17,4870825.590909091,2.0,2021-07-01,2020-08-14,EPI_SECOND_WAVE,18473.72,3.320004022454762,6680.020800992431,,,,,376.0,,,,205.0,13.0,2.0,-26.0,-26.0,12.0,81.0
42,2.0,Belize,BLZ,331.0,390353.0,32404.47,2020-08-26,28394.5,1.0,2021-07-01,2020-03-25,EPI_FIRST_WAVE,50375.92999999999,8.428268772111396,727.4057071419971,-147.0,-159.0,-147.0,-163.0,-103.0,,-121.0,-147.0,-159.0,365.0,-154.0,273.0,273.0,273.0,273.0
43,2.0,Bermuda,BMU,33.0,63918.0,25690.550000000003,2020-12-28,0.0,1.0,2021-07-01,2020-03-18,EPI_FIRST_WAVE,39550.64,5.16286492067962,0.0,-268.0,-283.0,-268.0,-268.0,-268.0,-284.0,-268.0,-268.0,-283.0,-233.0,-334.0,,,,
44,5.0,Bolivia,BOL,8957.0,11513100.0,23086.89,2020-04-05,362949.0,1.0,2020-12-02,2020-03-12,EPI_THIRD_WAVE,40401.47,14.506952949249117,1593.1825485751015,-19.0,-24.0,-14.0,-24.0,-19.0,-20.0,-19.0,-15.0,-5.0,433.0,534.0,-1.0,35.0,104.0,389.0
45,5.0,Bolivia,BOL,3364.0,11513100.0,3779.0399999999995,2020-12-04,568761.0,2.0,2021-04-05,2020-12-02,EPI_THIRD_WAVE,40401.47,14.506952949249117,1593.1825485751015,-19.0,-24.0,-14.0,-24.0,-19.0,-20.0,-19.0,-15.0,-5.0,433.0,534.0,-1.0,35.0,104.0,389.0
46,5.0,Bolivia,BOL,0.0,11513100.0,13509.14,2021-04-07,0.0,3.0,2022-06-08,2021-04-05,EPI_THIRD_WAVE,40401.47,14.506952949249117,1593.1825485751015,-19.0,-24.0,-14.0,-24.0,-19.0,-20.0,-19.0,-15.0,-5.0,433.0,534.0,-1.0,35.0,104.0,389.0
47,2.0,Brazil,BRA,515985.0,211049527.0,32853.66499999999,2020-03-22,62557217.5,1.0,2021-07-01,2020-02-27,EPI_FIRST_WAVE,49166.634999999995,24.448526719512618,2964.1012888884607,-4.0,-10.0,-5.0,-10.0,35.0,-1.0,44.0,-5.0,5.0,573.0,10.0,36.0,39.0,87.0,223.0
48,2.0,Barbados,BRB,47.0,287025.0,27984.809999999998,2021-01-26,0.0,1.0,2021-07-01,2020-03-18,EPI_FIRST_WAVE,44670.06,1.637488023691316,0.0,-304.0,-313.0,-304.0,-315.0,-298.0,,-298.0,-304.0,,62.0,-312.0,,,,
49,3.0,Botswana,BWA,750.0,2303697.0,24535.415,2020-09-13,798237.5,1.0,2021-05-09,2020-03-31,EPI_SECOND_WAVE,38764.74999999999,5.026702730437206,4062.5199407734613,-172.0,-178.0,-164.0,-181.0,-164.0,,-164.0,-164.0,-178.0,261.0,1.0,-160.0,-157.0,-104.0,24.0
50,3.0,Botswana,BWA,0.0,2303697.0,12512.560000000001,2021-05-11,0.0,2.0,2022-06-08,2021-05-09,EPI_SECOND_WAVE,38764.74999999999,5.026702730437206,4062.5199407734613,-172.0,-178.0,-164.0,-181.0,-164.0,,-164.0,-164.0,-178.0,261.0,1.0,-160.0,-157.0,-104.0,24.0
51,4.0,Central African Republic,CAF,63.0,4745185.0,14836.17,2020-06-15,0.0,1.0,2021-01-18,2020-03-10,EPI_SECOND_WAVE,23312.5,0.20652514074793712,0.0,-81.0,-81.0,,-81.0,,,-38.0,-81.0,-81.0,,71.0,,,,
52,4.0,Central African Republic,CAF,35.0,4745185.0,2536.825,2021-04-02,0.0,2.0,2021-07-01,2021-01-18,EPI_SECOND_WAVE,23312.5,0.20652514074793712,0.0,-81.0,-81.0,,-81.0,,,-38.0,-81.0,-81.0,,71.0,,,,
53,6.0,Canada,CAN,8712.0,37589262.0,8536.044999999998,2020-03-21,3353395.0,1.0,2020-07-11,2020-01-26,EPI_THIRD_WAVE,53830.545,6.9211255065342865,9782.05664160153,-3.0,-5.0,-3.0,-9.0,2.0,,294.0,-1.0,-3.0,,132.0,-11.0,-2.0,27.0,121.0
54,6.0,Canada,CAN,13334.0,37589262.0,16328.404999999999,2020-07-12,21978500.0,2.0,2021-03-08,2020-07-11,EPI_THIRD_WAVE,53830.545,6.9211255065342865,9782.05664160153,-3.0,-5.0,-3.0,-9.0,2.0,,294.0,-1.0,-3.0,,132.0,-11.0,-2.0,27.0,121.0
55,6.0,Canada,CAN,4006.0,37589262.0,8521.575,2021-03-09,11587849.0,3.0,2021-07-01,2021-03-08,EPI_THIRD_WAVE,53830.545,6.9211255065342865,9782.05664160153,-3.0,-5.0,-3.0,-9.0,2.0,,294.0,-1.0,-3.0,,132.0,-11.0,-2.0,27.0,121.0
56,4.0,Switzerland,CHE,1727.0,8574832.0,6272.190000000001,2020-03-13,85737.0,1.0,2020-06-12,2020-02-24,EPI_SECOND_WAVE,38276.59,12.09236519152795,9225.436719926407,4.0,3.0,4.0,-17.0,4.0,,,,,90.0,59.0,71.0,74.0,92.0,187.0
57,4.0,Switzerland,CHE,8642.0,8574832.0,19360.505,2020-07-11,7831357.0,2.0,2021-07-01,2020-06-12,EPI_SECOND_WAVE,38276.59,12.09236519152795,9225.436719926407,4.0,3.0,4.0,-17.0,4.0,,,,,90.0,59.0,71.0,74.0,92.0,187.0
58,3.0,Chile,CHL,15069.0,18952038.0,20007.215,2020-04-01,5087453.0,1.0,2020-11-23,2020-02-29,EPI_SECOND_WAVE,51230.774999999994,17.17229566551101,8828.215730677619,-7.0,-17.0,-16.0,-16.0,44.0,93.0,-7.0,-7.0,122.0,230.0,-2.0,-7.0,-4.0,31.0,133.0
59,3.0,Chile,CHL,0.0,18952038.0,31223.56,2020-11-24,0.0,2.0,2022-06-08,2020-11-23,EPI_SECOND_WAVE,51230.774999999994,17.17229566551101,8828.215730677619,-7.0,-17.0,-16.0,-16.0,44.0,93.0,-7.0,-7.0,122.0,230.0,-2.0,-7.0,-4.0,31.0,133.0
60,3.0,China,CHN,4645.0,1397715000.0,9284.259999999998,2020-01-22,0.0,1.0,2020-05-29,2020-01-04,EPI_SECOND_WAVE,58418.25,0.03931416633576945,0.0,4.0,4.0,4.0,0.0,0.0,1.0,10.0,1.0,,69.0,-17.0,,,,
61,3.0,China,CHN,0.0,1397715000.0,49133.990000000005,2020-07-22,0.0,2.0,2022-06-08,2020-05-29,EPI_SECOND_WAVE,58418.25,0.03931416633576945,0.0,4.0,4.0,4.0,0.0,0.0,1.0,10.0,1.0,,69.0,-17.0,,,,
62,4.0,Côte d'Ivoire,CIV,129.0,25716544.0,13032.95,2020-04-20,202126.0,1.0,2020-11-15,2020-03-10,EPI_SECOND_WAVE,23410.915,0.12171153324490258,274.87830402094465,-29.0,-35.0,,-32.0,,,,-27.0,-29.0,405.0,87.0,-6.0,38.0,255.0,
63,4.0,Côte d'Ivoire,CIV,185.0,25716544.0,5075.695,2021-01-04,505720.0,2.0,2021-07-01,2020-11-15,EPI_SECOND_WAVE,23410.915,0.12171153324490258,274.87830402094465,-29.0,-35.0,,-32.0,,,,-27.0,-29.0,405.0,87.0,-6.0,38.0,255.0,
64,6.0,Cameroon,CMR,426.0,25876380.0,13411.324999999999,2020-03-31,0.0,1.0,2020-10-31,2020-03-06,EPI_THIRD_WAVE,29579.81,0.5116635325343035,0.0,4.0,-13.0,,-13.0,,,,566.0,18.0,496.0,679.0,,,,
65,6.0,Cameroon,CMR,25.0,25876380.0,2435.66,2020-11-23,0.0,2.0,2021-01-15,2020-10-31,EPI_THIRD_WAVE,29579.81,0.5116635325343035,0.0,4.0,-13.0,,-13.0,,,,566.0,18.0,496.0,679.0,,,,
66,6.0,Cameroon,CMR,873.0,25876380.0,5487.260000000001,2021-01-24,0.0,3.0,2021-07-01,2021-01-15,EPI_THIRD_WAVE,29579.81,0.5116635325343035,0.0,4.0,-13.0,,-13.0,,,,566.0,18.0,496.0,679.0,,,,
67,6.0,Republic of Congo,COG,90.0,5380508.0,15009.844999999998,2020-05-11,0.0,1.0,2020-10-10,2020-03-15,EPI_THIRD_WAVE,39393.44,0.3085210541458167,0.0,-44.0,-44.0,-44.0,-44.0,337.0,-41.0,-44.0,-44.0,-51.0,523.0,252.0,,,,
68,6.0,Republic of Congo,COG,32.0,5380508.0,5312.0700000000015,2020-12-14,0.0,2.0,2021-02-04,2020-10-10,EPI_THIRD_WAVE,39393.44,0.3085210541458167,0.0,-44.0,-44.0,-44.0,-44.0,337.0,-41.0,-44.0,-44.0,-51.0,523.0,252.0,,,,
69,6.0,Republic of Congo,COG,44.0,5380508.0,7252.115,2021-03-16,0.0,3.0,2021-07-01,2021-02-04,EPI_THIRD_WAVE,39393.44,0.3085210541458167,0.0,-44.0,-44.0,-44.0,-44.0,337.0,-41.0,-44.0,-44.0,-51.0,523.0,252.0,,,,
70,3.0,Colombia,COL,60773.0,50339443.0,28270.429999999997,2020-03-31,11541318.0,1.0,2021-03-12,2020-03-08,EPI_SECOND_WAVE,53336.43,21.043935666908354,3882.9913155773297,-6.0,-15.0,-6.0,-19.0,24.0,282.0,-6.0,-6.0,-6.0,566.0,3.0,64.0,64.0,76.0,215.0
71,3.0,Colombia,COL,0.0,50339443.0,24620.239999999998,2021-03-13,0.0,2.0,2022-06-08,2021-03-12,EPI_SECOND_WAVE,53336.43,21.043935666908354,3882.9913155773297,-6.0,-15.0,-6.0,-19.0,24.0,282.0,-6.0,-6.0,-6.0,566.0,3.0,64.0,64.0,76.0,215.0
72,2.0,Comoros,COM,146.0,850886.0,0.0,2021-01-01,0.0,1.0,2021-07-01,2020-05-01,EPI_FIRST_WAVE,,1.7158585286395593,0.0,,,,,,,,,,,,,,,
73,4.0,Cape Verde,CPV,113.0,549935.0,20783.745000000003,2020-06-27,82645.5,1.0,2021-01-03,2020-03-20,EPI_SECOND_WAVE,47619.62,5.200614618091229,4321.738023584606,-91.0,-91.0,-91.0,-103.0,-40.0,590.0,-87.0,-99.0,-100.0,-46.0,-40.0,,,,
74,4.0,Cape Verde,CPV,173.0,549935.0,10462.965,2021-01-24,155531.0,2.0,2021-07-01,2021-01-03,EPI_SECOND_WAVE,47619.62,5.200614618091229,4321.738023584606,-91.0,-91.0,-91.0,-103.0,-40.0,590.0,-87.0,-99.0,-100.0,-46.0,-40.0,,,,
75,3.0,Costa Rica,CRI,2848.0,5047561.0,23729.155,2020-05-18,609369.0,1.0,2021-03-11,2020-03-08,EPI_SECOND_WAVE,45926.37,9.234162796645746,2462.040577617586,-62.0,-62.0,-35.0,-69.0,,-58.0,,-62.0,-62.0,366.0,-117.0,-63.0,-42.0,57.0,260.0
76,3.0,Costa Rica,CRI,0.0,5047561.0,21813.920000000002,2021-03-13,0.0,2.0,2022-06-08,2021-03-11,EPI_SECOND_WAVE,45926.37,9.234162796645746,2462.040577617586,-62.0,-62.0,-35.0,-69.0,,-58.0,,-62.0,-62.0,366.0,-117.0,-63.0,-42.0,57.0,260.0
77,3.0,Cuba,CUB,87.0,11333483.0,10316.265000000001,2020-04-08,237301.0,1.0,2020-07-22,2020-03-13,EPI_SECOND_WAVE,49986.33,1.132926215180276,4542.970594300093,-15.0,-15.0,9.0,-19.0,33.0,-15.0,-15.0,-16.0,9.0,120.0,27.0,-12.0,1.0,57.0,237.0
78,3.0,Cuba,CUB,0.0,11333483.0,39104.78999999999,2020-09-03,0.0,2.0,2022-06-08,2020-07-22,EPI_SECOND_WAVE,49986.33,1.132926215180276,4542.970594300093,-15.0,-15.0,9.0,-19.0,33.0,-15.0,-15.0,-16.0,9.0,120.0,27.0,-12.0,1.0,57.0,237.0
79,5.0,Cyprus,CYP,234.0,1198575.0,23621.24,2020-04-10,2081481.0,1.0,2021-02-22,2020-03-10,EPI_THIRD_WAVE,45008.490000000005,3.1871180360010847,68538.47276974742,-18.0,-28.0,6.0,-31.0,-18.0,-17.0,-17.0,-17.0,-26.0,1.0,6.0,-12.0,-12.0,-3.0,53.0
80,5.0,Cyprus,CYP,148.0,1198575.0,7677.740000000001,2021-03-15,5615005.0,2.0,2021-06-15,2021-02-22,EPI_THIRD_WAVE,45008.490000000005,3.1871180360010847,68538.47276974742,-18.0,-28.0,6.0,-31.0,-18.0,-17.0,-17.0,-17.0,-26.0,1.0,6.0,-12.0,-12.0,-3.0,53.0
81,5.0,Cyprus,CYP,0.0,1198575.0,13642.85,,0.0,3.0,2022-06-08,2021-06-15,EPI_THIRD_WAVE,45008.490000000005,3.1871180360010847,68538.47276974742,-18.0,-28.0,6.0,-31.0,-18.0,-17.0,-17.0,-17.0,-26.0,1.0,6.0,-12.0,-12.0,-3.0,53.0
82,6.0,Czech Republic,CZE,294.0,10669709.0,4697.734999999999,2020-03-26,0.0,1.0,2020-05-16,2020-03-02,EPI_THIRD_WAVE,39011.835,28.552793707869633,28580.78322473462,-12.0,-15.0,-12.0,-15.0,-3.0,,-11.0,-10.0,-10.0,414.0,-25.0,67.0,68.0,96.0,195.0
83,6.0,Czech Republic,CZE,9136.0,10669709.0,9787.095,2020-05-21,3218925.0,2.0,2020-12-09,2020-05-16,EPI_THIRD_WAVE,39011.835,28.552793707869633,28580.78322473462,-12.0,-15.0,-12.0,-15.0,-3.0,,-11.0,-10.0,-10.0,414.0,-25.0,67.0,68.0,96.0,195.0
84,6.0,Czech Republic,CZE,21132.0,10669709.0,13531.509999999998,2020-12-10,27312496.0,3.0,2021-07-01,2020-12-09,EPI_THIRD_WAVE,39011.835,28.552793707869633,28580.78322473462,-12.0,-15.0,-12.0,-15.0,-3.0,,-11.0,-10.0,-10.0,414.0,-25.0,67.0,68.0,96.0,195.0
85,6.0,Germany,DEU,9192.0,83132799.0,7001.510000000002,2020-03-08,0.0,1.0,2020-06-15,2020-01-04,EPI_THIRD_WAVE,50440.98,11.120520554107651,0.0,13.0,8.0,283.0,2.0,13.0,626.0,13.0,11.0,10.0,52.0,-46.0,,,,
86,6.0,Germany,DEU,66749.0,83132799.0,16389.479999999996,2020-06-17,0.0,2.0,2021-02-22,2020-06-15,EPI_THIRD_WAVE,50440.98,11.120520554107651,0.0,13.0,8.0,283.0,2.0,13.0,626.0,13.0,11.0,10.0,52.0,-46.0,,,,
87,6.0,Germany,DEU,16609.0,83132799.0,9547.625,2021-02-23,0.0,3.0,2021-07-01,2021-02-22,EPI_THIRD_WAVE,50440.98,11.120520554107651,0.0,13.0,8.0,283.0,2.0,13.0,626.0,13.0,11.0,10.0,52.0,-46.0,,,,
88,4.0,Djibouti,DJI,60.0,973560.0,11538.425000000001,2020-05-22,0.0,1.0,2020-09-05,2020-03-18,EPI_SECOND_WAVE,40281.965,1.592094991577304,0.0,-60.0,-64.0,-60.0,-60.0,-60.0,360.0,-60.0,-60.0,-65.0,-21.0,-65.0,,,,
89,4.0,Djibouti,DJI,95.0,973560.0,12739.47,2021-04-01,0.0,2.0,2021-07-01,2020-09-05,EPI_SECOND_WAVE,40281.965,1.592094991577304,0.0,-60.0,-64.0,-60.0,-60.0,-60.0,360.0,-60.0,-60.0,-65.0,-21.0,-65.0,,,,
90,4.0,Denmark,DNK,610.0,5818553.0,7955.1799999999985,2020-03-20,1195830.0,1.0,2020-07-09,2020-02-27,EPI_SECOND_WAVE,36613.985,4.418624355574315,60786.27968156344,-7.0,-7.0,290.0,264.0,-2.0,,,,-6.0,53.0,498.0,-15.0,-5.0,17.0,68.0
91,4.0,Denmark,DNK,1961.0,5818553.0,19784.875,2020-07-31,34187256.0,2.0,2021-07-01,2020-07-09,EPI_SECOND_WAVE,36613.985,4.418624355574315,60786.27968156344,-7.0,-7.0,290.0,264.0,-2.0,,,,-6.0,53.0,498.0,-15.0,-5.0,17.0,68.0
92,5.0,Dominican Republic,DOM,2263.0,10738958.0,19632.550000000003,2020-03-26,625039.0,1.0,2020-11-08,2020-03-03,EPI_THIRD_WAVE,47619.880000000005,3.5590045142182323,1507.9679983849458,-7.0,-7.0,-7.0,-7.0,-9.0,-7.0,23.0,-6.0,-7.0,419.0,,-2.0,19.0,79.0,314.0
93,5.0,Dominican Republic,DOM,1108.0,10738958.0,10344.68,2020-11-13,668426.5909090909,2.0,2021-04-08,2020-11-08,EPI_THIRD_WAVE,47619.880000000005,3.5590045142182323,1507.9679983849458,-7.0,-7.0,-7.0,-7.0,-9.0,-7.0,23.0,-6.0,-7.0,419.0,,-2.0,19.0,79.0,314.0
94,5.0,Dominican Republic,DOM,0.0,10738958.0,17625.985,2021-04-10,0.0,3.0,2022-06-08,2021-04-08,EPI_THIRD_WAVE,47619.880000000005,3.5590045142182323,1507.9679983849458,-7.0,-7.0,-7.0,-7.0,-9.0,-7.0,23.0,-6.0,-7.0,419.0,,-2.0,19.0,79.0,314.0
95,5.0,Algeria,DZA,1801.0,43053054.0,16147.685000000003,2020-03-20,0.0,1.0,2020-10-12,2020-02-26,EPI_THIRD_WAVE,50093.810000000005,0.8631211156356062,0.0,3.0,-8.0,10.0,-10.0,10.0,3.0,3.0,3.0,-3.0,620.0,100.0,,,,
96,5.0,Algeria,DZA,1307.0,43053054.0,12699.825,2020-10-14,0.0,2.0,2021-04-04,2020-10-12,EPI_THIRD_WAVE,50093.810000000005,0.8631211156356062,0.0,3.0,-8.0,10.0,-10.0,10.0,3.0,3.0,3.0,-3.0,620.0,100.0,,,,
97,5.0,Algeria,DZA,0.0,43053054.0,21246.3,2021-04-07,0.0,3.0,2022-06-08,2021-04-04,EPI_THIRD_WAVE,50093.810000000005,0.8631211156356062,0.0,3.0,-8.0,10.0,-10.0,10.0,3.0,3.0,3.0,-3.0,620.0,100.0,,,,
98,6.0,Ecuador,ECU,3720.0,17373662.0,8129.139999999999,2020-03-24,95196.0,1.0,2020-06-12,2020-03-02,EPI_THIRD_WAVE,51965.755000000005,12.409588721134323,864.7215538094387,-7.0,-11.0,-7.0,-11.0,121.0,-9.0,-7.0,-7.0,-9.0,308.0,413.0,-2.0,24.0,125.0,
99,6.0,Ecuador,ECU,10272.0,17373662.0,12971.979999999998,2020-06-13,604932.0,2.0,2020-12-28,2020-06-12,EPI_THIRD_WAVE,51965.755000000005,12.409588721134323,864.7215538094387,-7.0,-11.0,-7.0,-11.0,121.0,-9.0,-7.0,-7.0,-9.0,308.0,413.0,-2.0,24.0,125.0,
100,6.0,Ecuador,ECU,7570.0,17373662.0,12309.21,2020-12-31,805675.0,3.0,2021-07-01,2020-12-28,EPI_THIRD_WAVE,51965.755000000005,12.409588721134323,864.7215538094387,-7.0,-11.0,-7.0,-11.0,121.0,-9.0,-7.0,-7.0,-9.0,308.0,413.0,-2.0,24.0,125.0,
101,4.0,Egypt,EGY,6029.0,100388073.0,14545.470000000001,2020-03-22,0.0,1.0,2020-10-10,2020-02-14,EPI_SECOND_WAVE,42532.145000000004,1.6106495041497608,0.0,3.0,-7.0,,-1.0,275.0,3.0,3.0,3.0,-3.0,683.0,-37.0,,,,
102,4.0,Egypt,EGY,10152.0,100388073.0,15132.42,2020-10-11,0.0,2.0,2021-07-01,2020-10-10,EPI_SECOND_WAVE,42532.145000000004,1.6106495041497608,0.0,3.0,-7.0,,-1.0,275.0,3.0,3.0,3.0,-3.0,683.0,-37.0,,,,
103,6.0,Spain,ESP,29737.0,47076781.0,8450.82,2020-03-09,3192725.0,1.0,2020-06-28,2020-01-11,EPI_THIRD_WAVE,44193.024999999994,17.447242197804478,10064.188543392549,5.0,0.0,21.0,1.0,21.0,,5.0,117.0,8.0,544.0,-38.0,6.0,10.0,30.0,149.0
104,6.0,Spain,ESP,20857.0,47076781.0,10616.54,2020-06-30,17006737.0,2.0,2020-12-11,2020-06-28,EPI_THIRD_WAVE,44193.024999999994,17.447242197804478,10064.188543392549,5.0,0.0,21.0,1.0,21.0,,5.0,117.0,8.0,544.0,-38.0,6.0,10.0,30.0,149.0
105,6.0,Spain,ESP,31775.0,47076781.0,13495.485,2020-12-12,27362966.0,3.0,2021-07-01,2020-12-11,EPI_THIRD_WAVE,44193.024999999994,17.447242197804478,10064.188543392549,5.0,0.0,21.0,1.0,21.0,,5.0,117.0,8.0,544.0,-38.0,6.0,10.0,30.0,149.0
106,4.0,Estonia,EST,63.0,1326590.0,6488.875000000002,2020-04-03,127137.0,1.0,2020-07-04,2020-02-27,EPI_SECOND_WAVE,32190.204999999994,9.565879435243746,11557.455581603963,-9.0,-18.0,-7.0,-22.0,-9.0,,-5.0,-20.0,,541.0,339.0,-30.0,-19.0,-3.0,103.0
107,4.0,Estonia,EST,1206.0,1326590.0,15554.015,2020-10-24,1406359.0,2.0,2021-07-01,2020-07-04,EPI_SECOND_WAVE,32190.204999999994,9.565879435243746,11557.455581603963,-9.0,-18.0,-7.0,-22.0,-9.0,,-5.0,-20.0,,541.0,339.0,-30.0,-19.0,-3.0,103.0
108,4.0,Ethiopia,ETH,2057.0,112078730.0,21560.43,2020-04-12,1907723.0,1.0,2021-01-22,2020-03-14,EPI_SECOND_WAVE,40686.76499999999,0.3854433396952303,255.691869456408,-17.0,-18.0,,-27.0,-4.0,-13.0,,-17.0,,345.0,212.0,12.0,50.0,152.0,
109,4.0,Ethiopia,ETH,2276.0,112078730.0,6912.65,2021-01-26,962990.0,2.0,2021-07-01,2021-01-22,EPI_SECOND_WAVE,40686.76499999999,0.3854433396952303,255.691869456408,-17.0,-18.0,,-27.0,-4.0,-13.0,,-17.0,,345.0,212.0,12.0,50.0,152.0,
110,4.0,Finland,FIN,309.0,5520314.0,7186.14,2020-03-22,310772.0,1.0,2020-07-15,2020-01-04,EPI_SECOND_WAVE,33283.515,1.7879417728774125,9926.498746266969,-4.0,,,-10.0,-6.0,,,5.0,-6.0,618.0,496.0,-18.0,-4.0,25.0,150.0
111,4.0,Finland,FIN,678.0,5520314.0,15954.819999999996,2020-09-10,5174398.0,2.0,2021-07-01,2020-07-15,EPI_SECOND_WAVE,33283.515,1.7879417728774125,9926.498746266969,-4.0,,,-10.0,-6.0,,,5.0,-6.0,618.0,496.0,-18.0,-4.0,25.0,150.0
112,6.0,France,FRA,29777.0,67059887.0,9488.295,2020-03-08,1873757.0,1.0,2020-07-02,2020-01-24,EPI_THIRD_WAVE,48876.58500000001,16.4230816553568,13970.934815324099,9.0,-6.0,9.0,-8.0,-8.0,636.0,9.0,9.0,,139.0,64.0,66.0,67.0,84.0,172.0
113,6.0,France,FRA,25032.0,67059887.0,8726.015,2020-07-03,26169983.0,2.0,2020-12-07,2020-07-02,EPI_THIRD_WAVE,48876.58500000001,16.4230816553568,13970.934815324099,9.0,-6.0,9.0,-8.0,-8.0,636.0,9.0,9.0,,139.0,64.0,66.0,67.0,84.0,172.0
114,6.0,France,FRA,55515.0,67059887.0,13122.559999999998,2020-12-08,65957495.0,3.0,2021-07-01,2020-12-07,EPI_THIRD_WAVE,48876.58500000001,16.4230816553568,13970.934815324099,9.0,-6.0,9.0,-8.0,-8.0,636.0,9.0,9.0,,139.0,64.0,66.0,67.0,84.0,172.0
115,4.0,Gabon,GAB,58.0,2172579.0,19299.574999999997,2020-05-15,0.0,1.0,2020-11-19,2020-03-13,EPI_SECOND_WAVE,50342.25,0.7318491065227087,0.0,-56.0,-60.0,-33.0,-63.0,-56.0,,-55.0,-35.0,-56.0,-21.0,-46.0,,,,
116,4.0,Gabon,GAB,101.0,2172579.0,14943.345000000003,2021-01-28,0.0,2.0,2021-07-01,2020-11-19,EPI_SECOND_WAVE,50342.25,0.7318491065227087,0.0,-56.0,-60.0,-33.0,-63.0,-56.0,,-55.0,-35.0,-56.0,-21.0,-46.0,,,,
117,5.0,United Kingdom,GBR,41085.0,66834405.0,9401.884999999998,2020-03-11,7220420.0,1.0,2020-07-14,2020-02-01,EPI_THIRD_WAVE,43643.965,19.261785902036532,30621.029842339434,12.0,9.0,10.0,10.0,12.0,,12.0,12.0,,434.0,82.0,21.0,21.0,46.0,119.0
118,5.0,United Kingdom,GBR,87069.0,66834405.0,21470.58,2020-07-15,149048046.0,2.0,2021-05-09,2020-07-14,EPI_THIRD_WAVE,43643.965,19.261785902036532,30621.029842339434,12.0,9.0,10.0,10.0,12.0,,12.0,12.0,,434.0,82.0,21.0,21.0,46.0,119.0
119,5.0,United Kingdom,GBR,0.0,66834405.0,12693.675,2021-05-11,0.0,3.0,2022-06-08,2021-05-09,EPI_THIRD_WAVE,43643.965,19.261785902036532,30621.029842339434,12.0,9.0,10.0,10.0,12.0,,12.0,12.0,,434.0,82.0,21.0,21.0,46.0,119.0
120,3.0,Georgia,GEO,3601.0,3720382.0,26607.964999999997,2020-05-09,1426369.0,1.0,2021-03-09,2020-02-26,EPI_SECOND_WAVE,48237.81,14.318422140522129,11741.752594222851,-49.0,-68.0,-51.0,-69.0,-49.0,-47.0,-47.0,-48.0,-52.0,,-73.0,211.0,211.0,213.0,237.0
121,3.0,Georgia,GEO,0.0,3720382.0,21067.475000000002,2021-03-10,0.0,2.0,2022-06-08,2021-03-09,EPI_SECOND_WAVE,48237.81,14.318422140522129,11741.752594222851,-49.0,-68.0,-51.0,-69.0,-49.0,-47.0,-47.0,-48.0,-52.0,,-73.0,211.0,211.0,213.0,237.0
122,4.0,Ghana,GHA,310.0,30417856.0,12025.475,2020-04-25,712037.0,1.0,2020-10-15,2020-03-12,EPI_SECOND_WAVE,35369.05,0.2616883977621565,490.38909908706256,-26.0,-40.0,-26.0,-40.0,604.0,-26.0,-26.0,-26.0,-34.0,-35.0,-44.0,-27.0,-14.0,67.0,
123,4.0,Ghana,GHA,486.0,30417856.0,11007.395,2020-10-27,781096.5,2.0,2021-07-01,2020-10-15,EPI_SECOND_WAVE,35369.05,0.2616883977621565,490.38909908706256,-26.0,-40.0,-26.0,-40.0,604.0,-26.0,-26.0,-26.0,-34.0,-35.0,-44.0,-27.0,-14.0,67.0,
124,2.0,Gibraltar,GIB,94.0,33701.0,10242.645,2021-01-07,0.0,1.0,2021-07-01,2020-03-03,EPI_FIRST_WAVE,10537.119999999997,27.89234740808878,0.0,-296.0,-295.0,-289.0,-296.0,-289.0,-300.0,-296.0,,,-185.0,-310.0,,,,
125,4.0,Guinea,GIN,81.0,12771246.0,17946.025,2020-05-05,0.0,1.0,2021-01-01,2020-03-14,EPI_SECOND_WAVE,46068.465,0.1346775404686434,0.0,-39.0,-39.0,71.0,-39.0,301.0,,-36.0,-39.0,-39.0,322.0,203.0,,,,
126,4.0,Guinea,GIN,91.0,12771246.0,10133.8,2021-03-05,0.0,2.0,2021-07-01,2021-01-01,EPI_SECOND_WAVE,46068.465,0.1346775404686434,0.0,-39.0,-39.0,71.0,-39.0,301.0,,-36.0,-39.0,-39.0,322.0,203.0,,,,
127,4.0,Guadeloupe,GLP,172.0,,,2020-04-19,0.0,1.0,2021-01-03,2020-03-14,EPI_SECOND_WAVE,,,,,,,,,,,,,,,,,,
128,4.0,Guadeloupe,GLP,112.0,,,2021-03-06,0.0,2.0,2021-07-01,2021-01-03,EPI_SECOND_WAVE,,,,,,,,,,,,,,,,,,
129,2.0,Gambia,GMB,182.0,2347706.0,26560.170000000006,2020-08-05,0.0,1.0,2021-07-01,2020-03-18,EPI_FIRST_WAVE,33311.815,0.7752248364999706,0.0,-131.0,-140.0,-131.0,-131.0,-79.0,,1.0,,-135.0,160.0,-57.0,,,,
130,2.0,Guinea-Bissau,GNB,69.0,1920922.0,,2020-06-06,0.0,1.0,2021-07-01,2020-03-26,EPI_FIRST_WAVE,,0.3592025079623223,0.0,,,,,,,,,,,,,,,
131,4.0,Equatorial Guinea,GNQ,112.0,1355986.0,,2020-05-20,0.0,1.0,2021-05-15,2020-03-14,EPI_SECOND_WAVE,,0.8997143038349954,0.0,,,,,,,,,,,,,,,
132,4.0,Equatorial Guinea,GNQ,10.0,1355986.0,,2021-07-01,0.0,2.0,2021-07-01,2021-05-15,EPI_SECOND_WAVE,,0.8997143038349954,0.0,,,,,,,,,,,,,,,
133,6.0,Greece,GRC,180.0,10716322.0,6861.570000000001,2020-03-22,199189.0,1.0,2020-06-08,2020-02-27,EPI_THIRD_WAVE,52478.0,11.90986982287393,9964.506945573305,-4.0,-17.0,343.0,-22.0,-4.0,343.0,1.0,-1.0,,93.0,69.0,-10.0,4.0,52.0,172.0
134,6.0,Greece,GRC,5588.0,10716322.0,14790.425,2020-06-21,3799027.9285714286,2.0,2021-01-27,2020-06-08,EPI_THIRD_WAVE,52478.0,11.90986982287393,9964.506945573305,-4.0,-17.0,343.0,-22.0,-4.0,343.0,1.0,-1.0,,93.0,69.0,-10.0,4.0,52.0,172.0
135,6.0,Greece,GRC,7016.0,10716322.0,11392.655000000002,2021-01-28,6720137.0,3.0,2021-07-01,2021-01-27,EPI_THIRD_WAVE,52478.0,11.90986982287393,9964.506945573305,-4.0,-17.0,343.0,-22.0,-4.0,343.0,1.0,-1.0,,93.0,69.0,-10.0,4.0,52.0,172.0
136,3.0,Guatemala,GTM,4839.0,16604026.0,22900.94,2020-04-24,616786.0,1.0,2021-01-04,2020-03-15,EPI_SECOND_WAVE,48792.66499999999,5.5498588113509335,956.1614755361139,-38.0,-39.0,-38.0,-38.0,-33.0,-38.0,-33.0,-49.0,-6.0,382.0,,-13.0,28.0,104.0,
137,3.0,Guatemala,GTM,0.0,16604026.0,25170.92,2021-01-06,0.0,2.0,2022-06-08,2021-01-04,EPI_SECOND_WAVE,48792.66499999999,5.5498588113509335,956.1614755361139,-38.0,-39.0,-38.0,-38.0,-33.0,-38.0,-33.0,-49.0,-6.0,382.0,,-13.0,28.0,104.0,
138,5.0,French Guiana,GUF,70.0,,,2020-06-26,0.0,1.0,2020-10-31,2020-03-06,EPI_THIRD_WAVE,,,,,,,,,,,,,,,,,,
139,5.0,French Guiana,GUF,17.0,,,2021-02-13,0.0,2.0,2021-03-22,2020-10-31,EPI_THIRD_WAVE,,,,,,,,,,,,,,,,,,
140,5.0,French Guiana,GUF,0.0,,,2021-04-24,0.0,3.0,2022-06-08,2021-03-22,EPI_THIRD_WAVE,,,,,,,,,,,,,,,,,,
141,2.0,Guam,GUM,140.0,167294.0,28229.180000000004,2020-08-28,118229.0,1.0,2021-07-01,2020-03-17,EPI_FIRST_WAVE,41487.45,8.368500962377611,7070.725788133465,-161.0,-165.0,-161.0,-161.0,-161.0,-139.0,-13.0,,507.0,-113.0,-87.0,-167.0,-162.0,-139.0,-57.0
142,3.0,Guyana,GUY,166.0,782766.0,22440.985,2020-05-07,0.0,1.0,2021-01-08,2020-03-13,EPI_SECOND_WAVE,50839.924999999996,5.978798261549429,0.0,-34.0,-52.0,-40.0,-34.0,-34.0,611.0,-34.0,-34.0,-41.0,334.0,-56.0,,,,
143,3.0,Guyana,GUY,0.0,782766.0,27811.370000000003,2021-02-01,0.0,2.0,2022-06-08,2021-01-08,EPI_SECOND_WAVE,50839.924999999996,5.978798261549429,0.0,-34.0,-52.0,-40.0,-34.0,-34.0,611.0,-34.0,-34.0,-41.0,334.0,-56.0,,,,
144,3.0,Honduras,HND,2853.0,9746117.0,22825.944999999992,2020-04-02,0.0,1.0,2020-11-21,2020-03-12,EPI_SECOND_WAVE,58216.51,7.161826602327881,0.0,-17.0,-20.0,-13.0,-20.0,-17.0,-17.0,-17.0,-17.0,-12.0,397.0,,,,,
145,3.0,Honduras,HND,0.0,9746117.0,35273.91,2020-11-25,0.0,2.0,2022-06-08,2020-11-21,EPI_SECOND_WAVE,58216.51,7.161826602327881,0.0,-17.0,-20.0,-13.0,-20.0,-17.0,-17.0,-17.0,-17.0,-12.0,397.0,,,,,
146,6.0,Croatia,HRV,104.0,4067500.0,7178.82,2020-04-05,72572.0,1.0,2020-06-09,2020-02-25,EPI_THIRD_WAVE,34746.505000000005,20.174554394591272,5352.293792255686,-16.0,-23.0,-16.0,-26.0,-16.0,-15.0,-13.0,-13.0,-17.0,29.0,-62.0,-25.0,-10.0,31.0,199.0
147,6.0,Croatia,HRV,5325.0,4067500.0,10558.415,2020-07-09,1241708.5,2.0,2021-02-22,2020-06-09,EPI_THIRD_WAVE,34746.505000000005,20.174554394591272,5352.293792255686,-16.0,-23.0,-16.0,-26.0,-16.0,-15.0,-13.0,-13.0,-17.0,29.0,-62.0,-25.0,-10.0,31.0,199.0
148,6.0,Croatia,HRV,2786.0,4067500.0,5898.235,2021-02-23,865256.0,3.0,2021-07-01,2021-02-22,EPI_THIRD_WAVE,34746.505000000005,20.174554394591272,5352.293792255686,-16.0,-23.0,-16.0,-26.0,-16.0,-15.0,-13.0,-13.0,-17.0,29.0,-62.0,-25.0,-10.0,31.0,199.0
149,5.0,Haiti,HTI,232.0,11263077.0,13785.945,2020-05-06,0.0,1.0,2020-11-04,2020-03-20,EPI_THIRD_WAVE,38095.47,0.400423436686085,0.0,-48.0,-48.0,-48.0,-48.0,-48.0,-30.0,-48.0,-48.0,-17.0,279.0,279.0,,,,
150,5.0,Haiti,HTI,19.0,11263077.0,5378.63,2021-01-23,0.0,2.0,2021-03-30,2020-11-04,EPI_THIRD_WAVE,38095.47,0.400423436686085,0.0,-48.0,-48.0,-48.0,-48.0,-48.0,-30.0,-48.0,-48.0,-17.0,279.0,279.0,,,,
151,5.0,Haiti,HTI,0.0,11263077.0,18540.589999999997,2021-05-01,0.0,3.0,2022-06-08,2021-03-30,EPI_THIRD_WAVE,38095.47,0.400423436686085,0.0,-48.0,-48.0,-48.0,-48.0,-48.0,-30.0,-48.0,-48.0,-17.0,279.0,279.0,,,,
152,6.0,Hungary,HUN,581.0,9769949.0,7528.219999999999,2020-03-25,273755.0,1.0,2020-06-29,2020-03-05,EPI_THIRD_WAVE,39150.655,30.69821551780874,5930.037096406542,-9.0,-9.0,348.0,-14.0,230.0,647.0,2.0,3.0,-9.0,461.0,-57.0,-10.0,3.0,44.0,214.0
153,6.0,Hungary,HUN,11885.0,9769949.0,12284.445000000003,2020-07-10,2416346.0,2.0,2021-01-30,2020-06-29,EPI_THIRD_WAVE,39150.655,30.69821551780874,5930.037096406542,-9.0,-9.0,348.0,-14.0,230.0,647.0,2.0,3.0,-9.0,461.0,-57.0,-10.0,3.0,44.0,214.0
154,6.0,Hungary,HUN,17618.0,9769949.0,10038.79,2021-01-31,3127562.0,3.0,2021-07-01,2021-01-30,EPI_THIRD_WAVE,39150.655,30.69821551780874,5930.037096406542,-9.0,-9.0,348.0,-14.0,230.0,647.0,2.0,3.0,-9.0,461.0,-57.0,-10.0,3.0,44.0,214.0
155,3.0,Indonesia,IDN,49205.0,270625568.0,28215.47,2020-03-18,2930916.0,1.0,2021-05-22,2020-03-02,EPI_SECOND_WAVE,51253.310000000005,2.179949235247425,204.89486787885468,20.0,-44.0,23.0,-15.0,20.0,629.0,23.0,37.0,1.0,327.0,342.0,363.0,363.0,363.0,
156,3.0,Indonesia,IDN,0.0,270625568.0,21986.510000000002,2021-05-23,0.0,2.0,2022-06-08,2021-05-22,EPI_SECOND_WAVE,51253.310000000005,2.179949235247425,204.89486787885468,20.0,-44.0,23.0,-15.0,20.0,629.0,23.0,37.0,1.0,327.0,342.0,363.0,363.0,363.0,
157,2.0,Isle of Man,IMN,39.0,84584.0,,2020-04-22,0.0,1.0,2021-07-01,2020-03-20,EPI_FIRST_WAVE,,4.6108010971342095,0.0,,,,,,,,,,,,,,,
158,4.0,India,IND,155642.0,1366417754.0,26117.69,2020-03-25,206339060.0,1.0,2021-02-14,2020-01-30,EPI_SECOND_WAVE,54729.64,2.9234031746926497,3004.888049778662,-5.0,-12.0,-4.0,-11.0,-6.0,-5.0,-3.0,-5.0,-3.0,15.0,-54.0,15.0,44.0,116.0,247.0
159,4.0,India,IND,243909.0,1366417754.0,9831.735,2021-02-15,204951292.0,2.0,2021-07-01,2021-02-14,EPI_SECOND_WAVE,54729.64,2.9234031746926497,3004.888049778662,-5.0,-12.0,-4.0,-11.0,-6.0,-5.0,-3.0,-5.0,-3.0,15.0,-54.0,15.0,44.0,116.0,247.0
160,6.0,Ireland,IRL,1723.0,4941444.0,8821.219999999998,2020-03-23,448067.0,1.0,2020-07-04,2020-03-01,EPI_THIRD_WAVE,45971.815,10.203495172666127,11193.790721902342,4.0,-10.0,4.0,-11.0,-8.0,4.0,5.0,5.0,,,74.0,-4.0,-4.0,16.0,110.0
161,6.0,Ireland,IRL,400.0,4941444.0,9626.595000000001,2020-07-19,1575786.0,2.0,2020-12-05,2020-07-04,EPI_THIRD_WAVE,45971.815,10.203495172666127,11193.790721902342,4.0,-10.0,4.0,-11.0,-8.0,4.0,5.0,5.0,,,74.0,-4.0,-4.0,16.0,110.0
162,6.0,Ireland,IRL,2927.0,4941444.0,16136.05,2020-12-08,3527264.0,3.0,2021-07-01,2020-12-05,EPI_THIRD_WAVE,45971.815,10.203495172666127,11193.790721902342,4.0,-10.0,4.0,-11.0,-8.0,4.0,5.0,5.0,,,74.0,-4.0,-4.0,16.0,110.0
163,4.0,Iran,IRN,55748.0,82913906.0,18083.684999999998,2020-02-25,8369490.5,1.0,2021-01-06,2020-02-19,EPI_SECOND_WAVE,51813.02500000001,10.162830828401692,2860.092853423164,141.0,9.0,26.0,-3.0,224.0,244.0,224.0,9.0,,574.0,82.0,44.0,44.0,91.0,323.0
164,4.0,Iran,IRN,28614.0,82913906.0,13640.585000000001,2021-01-07,15398873.5,2.0,2021-07-01,2021-01-06,EPI_SECOND_WAVE,51813.02500000001,10.162830828401692,2860.092853423164,141.0,9.0,26.0,-3.0,224.0,244.0,224.0,9.0,,574.0,82.0,44.0,44.0,91.0,323.0
165,3.0,Iraq,IRQ,12944.0,39309783.0,24532.710000000003,2020-03-17,5095566.5,1.0,2021-01-18,2020-02-24,EPI_SECOND_WAVE,54691.22,4.371939677204527,2980.7169121233765,-6.0,-21.0,0.0,-21.0,-21.0,-4.0,-4.0,-6.0,0.0,343.0,,22.0,28.0,92.0,272.0
166,3.0,Iraq,IRQ,0.0,39309783.0,30093.239999999998,2021-01-20,0.0,2.0,2022-06-08,2021-01-18,EPI_SECOND_WAVE,54691.22,4.371939677204527,2980.7169121233765,-6.0,-21.0,0.0,-21.0,-21.0,-4.0,-4.0,-6.0,0.0,343.0,,22.0,28.0,92.0,272.0
167,4.0,Iceland,ISL,10.0,361313.0,3811.935,2020-04-22,58708.0,1.0,2020-05-22,2020-02-29,EPI_SECOND_WAVE,31949.835,0.8303050263898614,11749.162083844201,337.0,337.0,,-37.0,192.0,,,,,-40.0,-44.0,-53.0,-46.0,-37.0,-9.0
168,4.0,Iceland,ISL,20.0,361313.0,18033.405,2020-11-10,366281.5,2.0,2021-07-01,2020-05-22,EPI_SECOND_WAVE,31949.835,0.8303050263898614,11749.162083844201,337.0,337.0,,-37.0,192.0,,,,,-40.0,-44.0,-53.0,-46.0,-37.0,-9.0
169,7.0,Israel,ISR,286.0,9053300.0,6644.38,2020-03-27,480198.0,1.0,2020-05-26,2020-02-21,EPI_FOURTH_WAVE,44918.08500000001,7.110114543867982,18339.544696409044,-12.0,-14.0,5.0,-23.0,-12.0,,-7.0,7.0,-15.0,222.0,-10.0,-26.0,-10.0,7.0,95.0
170,7.0,Israel,ISR,2424.0,9053300.0,10760.279999999999,2020-06-06,4425121.0,2.0,2020-11-11,2020-05-26,EPI_FOURTH_WAVE,44918.08500000001,7.110114543867982,18339.544696409044,-12.0,-14.0,5.0,-23.0,-12.0,,-7.0,7.0,-15.0,222.0,-10.0,-26.0,-10.0,7.0,95.0
171,7.0,Israel,ISR,3736.0,9053300.0,13179.445,2020-11-13,11300781.0,3.0,2021-06-14,2020-11-11,EPI_FOURTH_WAVE,44918.08500000001,7.110114543867982,18339.544696409044,-12.0,-14.0,5.0,-23.0,-12.0,,-7.0,7.0,-15.0,222.0,-10.0,-26.0,-10.0,7.0,95.0
172,4.0,Italy,ITA,34975.0,60297396.0,10657.435000000001,2020-02-26,5850297.0,1.0,2020-07-10,2020-01-29,EPI_SECOND_WAVE,56185.315,21.156137488922408,11902.857960897682,-3.0,-3.0,-4.0,-3.0,-3.0,46.0,-3.0,-5.0,,441.0,-26.0,-1.0,13.0,37.0,140.0
173,4.0,Italy,ITA,92652.0,60297396.0,25205.704999999994,2020-07-11,65968790.0,2.0,2021-07-01,2020-07-10,EPI_SECOND_WAVE,56185.315,21.156137488922408,11902.857960897682,-3.0,-3.0,-4.0,-3.0,-3.0,46.0,-3.0,-5.0,,441.0,-26.0,-1.0,13.0,37.0,140.0
174,4.0,Jamaica,JAM,231.0,2948279.0,18729.83,2020-06-06,109866.5,1.0,2020-11-18,2020-03-12,EPI_SECOND_WAVE,56296.34,3.6461949496638546,1519.9341717659693,-80.0,-85.0,451.0,-87.0,-73.0,362.0,-85.0,-85.0,-77.0,245.0,80.0,-68.0,-41.0,41.0,304.0
175,4.0,Jamaica,JAM,844.0,2948279.0,16251.439999999999,2020-11-25,338908.5,2.0,2021-07-01,2020-11-18,EPI_SECOND_WAVE,56296.34,3.6461949496638546,1519.9341717659693,-80.0,-85.0,451.0,-87.0,-73.0,362.0,-85.0,-85.0,-77.0,245.0,80.0,-68.0,-41.0,41.0,304.0
176,2.0,Jersey,JEY,69.0,,,2020-04-18,0.0,1.0,2021-07-01,2020-03-12,EPI_FIRST_WAVE,,,,,,,,,,,,,,,,,,
177,4.0,Jordan,JOR,4304.0,10101694.0,23447.215,2020-07-04,2135768.5,1.0,2021-01-31,2020-03-02,EPI_SECOND_WAVE,44073.12,9.651846512080054,5945.295412828779,-108.0,-111.0,-108.0,-108.0,-108.0,-108.0,-108.0,-108.0,-111.0,248.0,12.0,115.0,115.0,115.0,115.0
178,4.0,Jordan,JOR,5469.0,10101694.0,9597.079999999998,2021-02-01,3891257.0,2.0,2021-07-01,2021-01-31,EPI_SECOND_WAVE,44073.12,9.651846512080054,5945.295412828779,-108.0,-111.0,-108.0,-108.0,-108.0,-108.0,-108.0,-108.0,-111.0,248.0,12.0,115.0,115.0,115.0,115.0
179,8.0,Japan,JPN,874.0,126264931.0,4542.48,2020-03-09,272329.0,1.0,2020-05-29,2020-01-14,EPI_FOURTH_WAVE,35149.545,1.1706338318119383,1239.967651825668,,-7.0,,274.0,,,,,288.0,657.0,397.0,7.0,49.0,172.0,436.0
180,8.0,Japan,JPN,678.0,126264931.0,3688.6649999999995,2020-05-30,1485131.0,2.0,2020-09-27,2020-05-29,EPI_FOURTH_WAVE,35149.545,1.1706338318119383,1239.967651825668,,-7.0,,274.0,,,,,288.0,657.0,397.0,7.0,49.0,172.0,436.0
181,8.0,Japan,JPN,6759.0,126264931.0,7001.329999999999,2020-09-29,6432740.0,3.0,2021-03-09,2020-09-27,EPI_FOURTH_WAVE,35149.545,1.1706338318119383,1239.967651825668,,-7.0,,274.0,,,,,288.0,657.0,397.0,7.0,49.0,172.0,436.0
182,4.0,Kazakhstan,KAZ,2106.0,18513930.0,17041.2,2020-04-11,3122969.0,1.0,2020-10-07,2020-03-13,EPI_SECOND_WAVE,54043.395,4.190898420810709,6499.907367047407,-23.0,-26.0,-12.0,-30.0,-23.0,-23.0,-23.0,-24.0,-26.0,20.0,-18.0,-25.0,-13.0,15.0,103.0
183,4.0,Kazakhstan,KAZ,5653.0,18513930.0,17712.379999999997,2020-10-12,8928090.0,2.0,2021-07-01,2020-10-07,EPI_SECOND_WAVE,54043.395,4.190898420810709,6499.907367047407,-23.0,-26.0,-12.0,-30.0,-23.0,-23.0,-23.0,-24.0,-26.0,20.0,-18.0,-25.0,-13.0,15.0,103.0
184,6.0,Kenya,KEN,646.0,52573973.0,15391.835,2020-04-17,512888.05555555545,1.0,2020-09-20,2020-03-14,EPI_THIRD_WAVE,47576.2,0.6912165454948592,357.567897712429,-28.0,-33.0,,-35.0,-35.0,466.0,-21.0,-21.0,-31.0,17.0,118.0,-9.0,35.0,160.0,
185,6.0,Kenya,KEN,1109.0,52573973.0,8452.634999999998,2020-09-23,962323.2619047619,2.0,2021-01-31,2020-09-20,EPI_THIRD_WAVE,47576.2,0.6912165454948592,357.567897712429,-28.0,-33.0,,-35.0,-35.0,466.0,-21.0,-21.0,-31.0,17.0,118.0,-9.0,35.0,160.0,
186,6.0,Kenya,KEN,1881.0,52573973.0,9124.255,2021-02-02,411802.4142857143,3.0,2021-07-01,2021-01-31,EPI_THIRD_WAVE,47576.2,0.6912165454948592,357.567897712429,-28.0,-33.0,,-35.0,-35.0,466.0,-21.0,-21.0,-31.0,17.0,118.0,-9.0,35.0,160.0,
187,5.0,Kyrgyzstan,KGZ,1063.0,6456900.0,14847.189999999997,2020-05-03,0.0,1.0,2020-09-20,2020-03-18,EPI_THIRD_WAVE,44472.524999999994,3.1114002075299294,0.0,-47.0,-48.0,-39.0,-52.0,-39.0,-39.0,-39.0,-39.0,-47.0,328.0,153.0,,,,
188,5.0,Kyrgyzstan,KGZ,413.0,6456900.0,8484.580000000002,2020-10-08,0.0,2.0,2021-03-11,2020-09-20,EPI_THIRD_WAVE,44472.524999999994,3.1114002075299294,0.0,-47.0,-48.0,-39.0,-52.0,-39.0,-39.0,-39.0,-39.0,-47.0,328.0,153.0,,,,
189,5.0,Kyrgyzstan,KGZ,0.0,6456900.0,20150.469999999998,2021-03-19,0.0,3.0,2022-06-08,2021-03-11,EPI_THIRD_WAVE,44472.524999999994,3.1114002075299294,0.0,-47.0,-48.0,-39.0,-52.0,-39.0,-39.0,-39.0,-39.0,-47.0,328.0,153.0,,,,
190,6.0,South Korea,KOR,256.0,51709098.0,5277.510000000002,2020-02-26,648036.0,1.0,2020-05-07,2020-01-19,EPI_THIRD_WAVE,41052.115000000005,0.3908403120858925,2572.3390108255226,24.0,-21.0,40.0,-5.0,38.0,,24.0,24.0,,-19.0,-15.0,-12.0,0.0,47.0,
191,6.0,South Korea,KOR,177.0,51709098.0,7809.155000000001,2020-05-23,1767388.0,2.0,2020-10-11,2020-05-07,EPI_THIRD_WAVE,41052.115000000005,0.3908403120858925,2572.3390108255226,24.0,-21.0,40.0,-5.0,38.0,,24.0,24.0,,-19.0,-15.0,-12.0,0.0,47.0,
192,6.0,South Korea,KOR,1591.0,51709098.0,14637.349999999999,2020-10-17,10898001.0,3.0,2021-07-01,2020-10-11,EPI_THIRD_WAVE,41052.115000000005,0.3908403120858925,2572.3390108255226,24.0,-21.0,40.0,-5.0,38.0,,24.0,24.0,,-19.0,-15.0,-12.0,0.0,47.0,
193,3.0,Kuwait,KWT,937.0,4207083.0,22677.105,2020-04-22,1039950.0,1.0,2021-01-03,2020-02-24,EPI_SECOND_WAVE,46075.785,4.680202411029209,6535.492644190761,-42.0,-52.0,-16.0,-43.0,-42.0,-41.0,-31.0,-16.0,-40.0,164.0,-46.0,22.0,22.0,22.0,78.0
194,3.0,Kuwait,KWT,0.0,4207083.0,23172.175000000003,2021-01-16,0.0,2.0,2022-06-08,2021-01-03,EPI_SECOND_WAVE,46075.785,4.680202411029209,6535.492644190761,-42.0,-52.0,-16.0,-43.0,-42.0,-41.0,-31.0,-16.0,-40.0,164.0,-46.0,22.0,22.0,22.0,78.0
195,2.0,Lebanon,LBN,7851.0,6855713.0,35815.825,2020-03-29,750787.0,1.0,2021-07-01,2020-02-21,EPI_FIRST_WAVE,49403.509999999995,11.451762931149538,1095.1260649329981,-11.0,-29.0,-11.0,-11.0,-11.0,230.0,-11.0,145.0,-13.0,460.0,,405.0,405.0,405.0,405.0
196,2.0,Libya,LBY,3193.0,6777452.0,38426.96,2020-06-16,1334269.5,1.0,2021-07-01,2020-03-25,EPI_FIRST_WAVE,53853.55,4.711210053571755,1968.8129108107294,-86.0,-93.0,-61.0,-94.0,-86.0,-86.0,-86.0,-86.0,-92.0,503.0,,,,,
197,2.0,Saint Lucia,LCA,84.0,182790.0,,2021-01-22,0.0,1.0,2021-07-01,2020-03-15,EPI_FIRST_WAVE,,4.5954373871656,0.0,,,,,,,,,,,,,,,
198,3.0,Sri Lanka,LKA,598.0,21803000.0,24575.589999999997,2020-05-25,2510198.5,1.0,2021-04-07,2020-01-27,EPI_SECOND_WAVE,48524.565,1.4048525432279961,1906.7859927532909,-70.0,-68.0,-70.0,-72.0,-72.0,-63.0,-68.0,-68.0,-67.0,223.0,-109.0,-57.0,-25.0,94.0,285.0
199,3.0,Sri Lanka,LKA,0.0,21803000.0,23944.804999999997,2021-04-13,0.0,2.0,2022-06-08,2021-04-07,EPI_SECOND_WAVE,48524.565,1.4048525432279961,1906.7859927532909,-70.0,-68.0,-70.0,-72.0,-72.0,-63.0,-68.0,-68.0,-67.0,223.0,-109.0,-57.0,-25.0,94.0,285.0
200,2.0,Lesotho,LSO,329.0,2125268.0,23890.485,2020-07-09,0.0,1.0,2021-07-01,2020-05-14,EPI_FIRST_WAVE,43310.095,1.5480400589478598,0.0,-113.0,-113.0,-102.0,-113.0,-113.0,,-113.0,-113.0,-102.0,320.0,,,,,
201,4.0,Lithuania,LTU,3393.0,2786844.0,20281.869999999995,2020-04-06,2227408.0,1.0,2021-03-13,2020-02-28,EPI_SECOND_WAVE,35643.925,15.738232925847303,14010.805771690128,-21.0,-21.0,-21.0,-25.0,-21.0,,254.0,4.0,-21.0,412.0,1.0,-16.0,-10.0,3.0,53.0
202,4.0,Lithuania,LTU,1007.0,2786844.0,5515.749999999999,2021-03-15,1684179.0,2.0,2021-07-01,2021-03-13,EPI_SECOND_WAVE,35643.925,15.738232925847303,14010.805771690128,-21.0,-21.0,-21.0,-25.0,-21.0,,254.0,4.0,-21.0,412.0,1.0,-16.0,-10.0,3.0,53.0
203,6.0,Luxembourg,LUX,110.0,619896.0,5988.380000000001,2020-03-29,90210.66666666667,1.0,2020-06-08,2020-03-02,EPI_THIRD_WAVE,37822.19,13.195761869732987,49841.90896537484,-13.0,-13.0,-13.0,-16.0,-16.0,,-12.0,-14.0,,43.0,-28.0,-19.0,-13.0,-5.0,51.0
204,6.0,Luxembourg,LUX,14.0,619896.0,2350.13,2020-08-12,508091.0,2.0,2020-08-21,2020-06-08,EPI_THIRD_WAVE,37822.19,13.195761869732987,49841.90896537484,-13.0,-13.0,-13.0,-16.0,-16.0,,-12.0,-14.0,,43.0,-28.0,-19.0,-13.0,-5.0,51.0
205,6.0,Luxembourg,LUX,694.0,619896.0,17237.005,2020-10-22,2501407.0,3.0,2021-07-01,2020-08-21,EPI_THIRD_WAVE,37822.19,13.195761869732987,49841.90896537484,-13.0,-13.0,-13.0,-16.0,-16.0,,-12.0,-14.0,,43.0,-28.0,-19.0,-13.0,-5.0,51.0
206,2.0,Latvia,LVA,2513.0,1912789.0,25421.02,2020-04-22,2854897.0,1.0,2021-07-01,2020-03-02,EPI_FIRST_WAVE,37117.115,13.137884000796742,14925.969356787393,-36.0,-40.0,241.0,-40.0,185.0,,547.0,,-36.0,49.0,35.0,-50.0,-36.0,-18.0,96.0
207,2.0,Morocco,MAR,9296.0,36471769.0,35158.744999999995,2020-03-27,6315316.1,1.0,2021-07-01,2020-03-02,EPI_FIRST_WAVE,54787.865000000005,2.5488207056806047,1731.5670923447667,-7.0,-11.0,-7.0,-13.0,213.0,-7.0,-7.0,-14.0,-7.0,76.0,340.0,7.0,35.0,76.0,234.0
208,4.0,Moldova,MDA,3450.0,2657637.0,20195.539999999997,2020-04-05,241150.0,1.0,2021-01-21,2020-03-07,EPI_SECOND_WAVE,40757.085,25.368400575398372,3374.0085647513188,-13.0,-25.0,334.0,-26.0,-15.0,-13.0,-12.0,-12.0,-19.0,381.0,25.0,,,,
209,4.0,Moldova,MDA,3309.0,2657637.0,10097.130000000001,2021-01-22,658171.0,2.0,2021-07-01,2021-01-21,EPI_SECOND_WAVE,40757.085,25.368400575398372,3374.0085647513188,-13.0,-25.0,334.0,-26.0,-15.0,-13.0,-12.0,-12.0,-19.0,381.0,25.0,,,,
210,4.0,Madagascar,MDG,251.0,26969307.0,16317.074999999999,2020-06-11,111591.17924528301,1.0,2020-12-03,2020-03-21,EPI_SECOND_WAVE,38039.0,0.3370498174091014,100.00312577553439,-82.0,-82.0,-67.0,-82.0,,-82.0,-80.0,-82.0,-83.0,317.0,361.0,-43.0,29.0,,
211,4.0,Madagascar,MDG,658.0,26969307.0,10709.539999999999,2020-12-26,158673.96226415093,2.0,2021-07-01,2020-12-03,EPI_SECOND_WAVE,38039.0,0.3370498174091014,100.00312577553439,-82.0,-82.0,-67.0,-82.0,,-82.0,-80.0,-82.0,-83.0,317.0,361.0,-43.0,29.0,,
212,4.0,Maldives,MDV,48.0,530953.0,,2020-07-04,298492.5,1.0,2020-12-24,2020-03-07,EPI_SECOND_WAVE,,4.011654515559758,19410.032526419476,,,,,,,,,,,,-108.0,-98.0,-61.0,11.0
213,4.0,Maldives,MDV,165.0,530953.0,,2021-02-14,734651.0,2.0,2021-07-01,2020-12-24,EPI_SECOND_WAVE,,4.011654515559758,19410.032526419476,,,,,,,,,,,,-108.0,-98.0,-61.0,11.0
214,2.0,Mexico,MEX,239692.0,127575529.0,30671.020000000004,2020-03-26,7198810.0,1.0,2021-07-01,2020-02-21,EPI_FIRST_WAVE,41929.365,18.788242688768314,564.9774730700901,0.0,-3.0,0.0,-2.0,487.0,,4.0,4.0,,,284.0,-15.0,40.0,148.0,
215,4.0,Macedonia,MKD,2855.0,2083459.0,,2020-04-01,456092.0,1.0,2021-02-01,2020-02-26,EPI_SECOND_WAVE,,26.32161228034725,4340.440584623935,,,,,,,,,,,,-1.0,-1.0,45.0,195.0
216,4.0,Macedonia,MKD,2636.0,2083459.0,,2021-02-02,450761.0,2.0,2021-07-01,2021-02-01,EPI_SECOND_WAVE,,26.32161228034725,4340.440584623935,,,,,,,,,,,,-1.0,-1.0,45.0,195.0
217,4.0,Mali,MLI,344.0,19658031.0,16679.85,2020-04-14,0.0,1.0,2021-02-20,2020-03-26,EPI_SECOND_WAVE,35399.38,0.26706642186086693,0.0,-20.0,-26.0,248.0,-20.0,,,,-20.0,-20.0,240.0,0.0,,,,
218,4.0,Mali,MLI,181.0,19658031.0,6116.584999999999,2021-03-02,0.0,2.0,2021-07-01,2021-02-20,EPI_SECOND_WAVE,35399.38,0.26706642186086693,0.0,-20.0,-26.0,248.0,-20.0,,,,-20.0,-20.0,240.0,0.0,,,,
219,2.0,Malta,MLT,420.0,502653.0,27257.95,2020-08-22,871809.0,1.0,2021-07-01,2020-03-07,EPI_FIRST_WAVE,41282.450000000004,8.35566484234651,17344.151929860163,-157.0,-162.0,201.0,-163.0,-147.0,,-147.0,-141.0,-154.0,-150.0,-210.0,-32.0,-32.0,-32.0,-32.0
220,3.0,Myanmar,MMR,3206.0,54045420.0,30455.49,2020-09-09,2548503.5652173916,1.0,2021-04-20,2020-03-24,EPI_SECOND_WAVE,58007.530000000006,0.6192939198178125,503.2367220016053,-161.0,-169.0,-152.0,-180.0,-145.0,-155.0,-148.0,-161.0,17.0,51.0,51.0,-139.0,-84.0,46.0,
221,3.0,Myanmar,MMR,0.0,54045420.0,26948.72,2021-05-19,0.0,2.0,2022-06-08,2021-04-20,EPI_SECOND_WAVE,58007.530000000006,0.6192939198178125,503.2367220016053,-161.0,-169.0,-152.0,-180.0,-145.0,-155.0,-148.0,-161.0,17.0,51.0,51.0,-139.0,-84.0,46.0,
222,2.0,Montenegro,MNE,1610.0,622137.0,,2020-06-29,0.0,1.0,2021-07-01,2020-03-17,EPI_FIRST_WAVE,,25.87854443635405,0.0,,,,,,,,,,,,,,,
223,5.0,Mozambique,MOZ,139.0,30366036.0,16178.150000000001,2020-07-19,245042.0,1.0,2020-12-11,2020-03-23,EPI_THIRD_WAVE,41511.08,0.2891388260225997,195.71685286811885,-32.0,-118.0,,-118.0,506.0,,180.0,-32.0,-51.0,274.0,-119.0,-74.0,-17.0,182.0,
224,5.0,Mozambique,MOZ,698.0,30366036.0,9905.635000000002,2020-12-22,306043.5,2.0,2021-05-30,2020-12-11,EPI_THIRD_WAVE,41511.08,0.2891388260225997,195.71685286811885,-32.0,-118.0,,-118.0,506.0,,180.0,-32.0,-51.0,274.0,-119.0,-74.0,-17.0,182.0,
225,5.0,Mozambique,MOZ,0.0,30366036.0,15026.025,2021-06-20,0.0,3.0,2022-06-08,2021-05-30,EPI_THIRD_WAVE,41511.08,0.2891388260225997,195.71685286811885,-32.0,-118.0,,-118.0,506.0,,180.0,-32.0,-51.0,274.0,-119.0,-74.0,-17.0,182.0,
226,4.0,Mauritania,MRT,308.0,4525696.0,11941.454999999998,2020-03-31,79609.9347826087,1.0,2020-11-07,2020-03-14,EPI_SECOND_WAVE,33766.979999999996,1.0804967898860198,570.2227900415759,-8.0,-15.0,,-12.0,-12.0,,-12.0,-2.0,-8.0,350.0,-18.0,12.0,53.0,97.0,
227,4.0,Mauritania,MRT,181.0,4525696.0,9722.045000000002,2020-12-07,179146.04347826086,2.0,2021-07-01,2020-11-07,EPI_SECOND_WAVE,33766.979999999996,1.0804967898860198,570.2227900415759,-8.0,-15.0,,-12.0,-12.0,,-12.0,-2.0,-8.0,350.0,-18.0,12.0,53.0,97.0,
228,4.0,Martinique,MTQ,43.0,,,2020-04-19,0.0,1.0,2021-01-10,2020-03-07,EPI_SECOND_WAVE,,,,,,,,,,,,,,,,,,
229,4.0,Martinique,MTQ,55.0,,,2021-04-03,0.0,2.0,2021-07-01,2021-01-10,EPI_SECOND_WAVE,,,,,,,,,,,,,,,,,,
230,5.0,Malawi,MWI,186.0,18628747.0,14527.565000000002,2020-06-21,81393.74193548388,1.0,2020-12-12,2020-04-03,EPI_THIRD_WAVE,36274.005000000005,0.6420184889515114,222.69613731938063,-64.0,-90.0,,-93.0,48.0,,261.0,,-93.0,311.0,-79.0,-35.0,17.0,249.0,
231,5.0,Malawi,MWI,967.0,18628747.0,7544.97,2021-01-05,231486.4516129032,2.0,2021-05-20,2020-12-12,EPI_THIRD_WAVE,36274.005000000005,0.6420184889515114,222.69613731938063,-64.0,-90.0,,-93.0,48.0,,261.0,,-93.0,311.0,-79.0,-35.0,17.0,249.0,
232,5.0,Malawi,MWI,0.0,18628747.0,13186.060000000001,2021-06-17,0.0,3.0,2022-06-08,2021-05-20,EPI_THIRD_WAVE,36274.005000000005,0.6420184889515114,222.69613731938063,-64.0,-90.0,,-93.0,48.0,,261.0,,-93.0,311.0,-79.0,-35.0,17.0,249.0,
233,5.0,Malaysia,MYS,121.0,31949777.0,8665.189999999999,2020-03-22,983774.0,1.0,2020-07-07,2020-01-26,EPI_THIRD_WAVE,50995.6,1.618164658864442,5576.947845363678,-4.0,-8.0,-4.0,-4.0,226.0,443.0,206.0,-4.0,62.0,17.0,-58.0,-25.0,-2.0,35.0,257.0
234,5.0,Malaysia,MYS,1187.0,31949777.0,18218.244999999995,2020-09-24,9781291.0,2.0,2021-04-09,2020-07-07,EPI_THIRD_WAVE,50995.6,1.618164658864442,5576.947845363678,-4.0,-8.0,-4.0,-4.0,226.0,443.0,206.0,-4.0,62.0,17.0,-58.0,-25.0,-2.0,35.0,257.0
235,5.0,Malaysia,MYS,0.0,31949777.0,23995.510000000002,2021-04-11,0.0,3.0,2022-06-08,2021-04-09,EPI_THIRD_WAVE,50995.6,1.618164658864442,5576.947845363678,-4.0,-8.0,-4.0,-4.0,226.0,443.0,206.0,-4.0,62.0,17.0,-58.0,-25.0,-2.0,35.0,257.0
236,4.0,Mayotte,MYT,50.0,,,2020-05-08,0.0,1.0,2020-12-08,2020-03-14,EPI_SECOND_WAVE,,,,,,,,,,,,,,,,,,
237,4.0,Mayotte,MYT,125.0,,,2021-01-24,0.0,2.0,2021-07-01,2020-12-08,EPI_SECOND_WAVE,,,,,,,,,,,,,,,,,,
238,4.0,Nigeria,NGA,1147.0,200963599.0,16399.640000000003,2020-04-12,661575.5,1.0,2020-11-03,2020-02-28,EPI_SECOND_WAVE,41746.515,0.1054917413177896,156.45579675352053,-14.0,-17.0,-14.0,-23.0,-15.0,-14.0,-14.0,-14.0,-20.0,499.0,-44.0,24.0,95.0,401.0,
239,4.0,Nigeria,NGA,974.0,200963599.0,12377.585000000003,2020-11-10,2485888.5,2.0,2021-07-01,2020-11-03,EPI_SECOND_WAVE,41746.515,0.1054917413177896,156.45579675352053,-14.0,-17.0,-14.0,-23.0,-15.0,-14.0,-14.0,-14.0,-20.0,499.0,-44.0,24.0,95.0,401.0,
240,4.0,Nicaragua,NIC,83.0,6545502.0,2048.5900000000006,2020-05-21,0.0,1.0,2020-07-05,2020-03-19,EPI_SECOND_WAVE,8342.935000000001,0.2918034399806157,0.0,,46.0,,,,,,,,432.0,,,,,
241,4.0,Nicaragua,NIC,108.0,6545502.0,4092.46,2020-07-15,0.0,2.0,2021-07-01,2020-07-05,EPI_SECOND_WAVE,8342.935000000001,0.2918034399806157,0.0,,46.0,,,,,,,,432.0,,,,,
242,4.0,Netherlands,NLD,6112.0,17332850.0,8243.935000000001,2020-03-15,366663.0,1.0,2020-07-11,2020-02-28,EPI_SECOND_WAVE,44116.024999999994,10.237208537545758,8326.469103465384,1.0,1.0,0.0,-5.0,156.0,,8.0,,,517.0,-17.0,79.0,81.0,99.0,189.0
243,4.0,Netherlands,NLD,11633.0,17332850.0,22891.365,2020-07-15,14073214.0,2.0,2021-07-01,2020-07-11,EPI_SECOND_WAVE,44116.024999999994,10.237208537545758,8326.469103465384,1.0,1.0,0.0,-5.0,156.0,,8.0,,,517.0,-17.0,79.0,81.0,99.0,189.0
244,4.0,Norway,NOR,254.0,5347896.0,7744.344999999999,2020-03-26,348587.5,1.0,2020-07-18,2020-02-20,EPI_SECOND_WAVE,36338.815,1.4865659317234292,11523.56085458655,-10.0,-14.0,303.0,-2.0,-2.0,,,-10.0,-11.0,513.0,68.0,6.0,7.0,27.0,143.0
245,4.0,Norway,NOR,542.0,5347896.0,19313.19,2020-08-22,5815514.0,2.0,2021-07-01,2020-07-18,EPI_SECOND_WAVE,36338.815,1.4865659317234292,11523.56085458655,-10.0,-14.0,303.0,-2.0,-2.0,,,-10.0,-11.0,513.0,68.0,6.0,7.0,27.0,143.0
246,6.0,Nepal,NPL,45.0,28608710.0,12600.005000000001,2020-06-04,328467.5,1.0,2020-07-22,2020-01-23,EPI_THIRD_WAVE,50859.729999999996,3.1965789439649672,1234.2868657831827,-74.0,-77.0,-74.0,-78.0,-74.0,-72.0,-73.0,-74.0,-73.0,222.0,-132.0,-56.0,-17.0,39.0,351.0
247,6.0,Nepal,NPL,2971.0,28608710.0,15188.33,2020-07-30,1888899.0,2.0,2021-03-14,2020-07-22,EPI_THIRD_WAVE,50859.729999999996,3.1965789439649672,1234.2868657831827,-74.0,-77.0,-74.0,-78.0,-74.0,-72.0,-73.0,-74.0,-73.0,222.0,-132.0,-56.0,-17.0,39.0,351.0
248,6.0,Nepal,NPL,6131.0,28608710.0,6914.815000000001,2021-03-26,1320582.0,3.0,2021-07-01,2021-03-14,EPI_THIRD_WAVE,50859.729999999996,3.1965789439649672,1234.2868657831827,-74.0,-77.0,-74.0,-78.0,-74.0,-72.0,-73.0,-74.0,-73.0,222.0,-132.0,-56.0,-17.0,39.0,351.0
249,2.0,New Zealand,NZL,26.0,4917000.0,16941.34,2020-04-17,2240434.0,1.0,2021-07-01,2020-02-28,EPI_FIRST_WAVE,35836.11,0.052877770998576365,4556.505999593248,-25.0,-24.0,-23.0,-32.0,-25.0,-22.0,-25.0,-25.0,-28.0,250.0,-49.0,-39.0,-28.0,-10.0,115.0
250,5.0,Oman,OMN,650.0,4974986.0,15059.775000000003,2020-04-25,0.0,1.0,2020-08-30,2020-02-24,EPI_THIRD_WAVE,48554.53,6.231173313854551,0.0,-38.0,-41.0,91.0,-39.0,-39.0,-37.0,-15.0,-38.0,-38.0,159.0,-39.0,,,,
251,5.0,Oman,OMN,852.0,4974986.0,7316.345,2020-08-31,0.0,2.0,2021-01-06,2020-08-30,EPI_THIRD_WAVE,48554.53,6.231173313854551,0.0,-38.0,-41.0,91.0,-39.0,-39.0,-37.0,-15.0,-38.0,-38.0,159.0,-39.0,,,,
252,5.0,Oman,OMN,0.0,4974986.0,25638.21,2021-01-18,0.0,3.0,2022-06-08,2021-01-06,EPI_THIRD_WAVE,48554.53,6.231173313854551,0.0,-38.0,-41.0,91.0,-39.0,-39.0,-37.0,-15.0,-38.0,-38.0,159.0,-39.0,,,,
253,6.0,Pakistan,PAK,6365.0,216565318.0,13377.814999999999,2020-03-29,2866114.0,1.0,2020-09-10,2020-02-26,EPI_THIRD_WAVE,47373.375,1.0288350972245703,670.5447406865027,-6.0,-31.0,-6.0,-16.0,-16.0,-6.0,-6.0,-5.0,-8.0,346.0,33.0,4.0,37.0,135.0,
254,6.0,Pakistan,PAK,6168.0,216565318.0,9249.875,2020-09-13,5826976.0,2.0,2021-02-20,2020-09-10,EPI_THIRD_WAVE,47373.375,1.0288350972245703,670.5447406865027,-6.0,-31.0,-6.0,-16.0,-16.0,-6.0,-6.0,-5.0,-8.0,346.0,33.0,4.0,37.0,135.0,
255,6.0,Pakistan,PAK,9793.0,216565318.0,7982.135,2021-02-21,5895996.5,3.0,2021-07-01,2021-02-20,EPI_THIRD_WAVE,47373.375,1.0288350972245703,670.5447406865027,-6.0,-31.0,-6.0,-16.0,-16.0,-6.0,-6.0,-5.0,-8.0,346.0,33.0,4.0,37.0,135.0,
256,5.0,Panama,PAN,2340.0,4246439.0,16861.375000000004,2020-03-29,475942.0,1.0,2020-09-29,2020-03-11,EPI_THIRD_WAVE,52620.89,15.391719979964389,7047.1069995353755,-6.0,-17.0,-9.0,-16.0,205.0,5.0,-4.0,-6.0,20.0,261.0,153.0,-16.0,-4.0,44.0,174.0
257,5.0,Panama,PAN,3912.0,4246439.0,15045.539999999999,2020-10-01,1939881.0,2.0,2021-05-03,2020-09-29,EPI_THIRD_WAVE,52620.89,15.391719979964389,7047.1069995353755,-6.0,-17.0,-9.0,-16.0,205.0,5.0,-4.0,-6.0,20.0,261.0,153.0,-16.0,-4.0,44.0,174.0
258,5.0,Panama,PAN,0.0,4246439.0,20296.08,2021-05-06,0.0,3.0,2022-06-08,2021-05-03,EPI_THIRD_WAVE,52620.89,15.391719979964389,7047.1069995353755,-6.0,-17.0,-9.0,-16.0,205.0,5.0,-4.0,-6.0,20.0,261.0,153.0,-16.0,-4.0,44.0,174.0
259,4.0,Peru,PER,94254.0,32510453.0,24830.730000000003,2020-03-20,0.0,1.0,2021-01-07,2020-03-07,EPI_SECOND_WAVE,57604.18,59.15974163755885,0.0,-5.0,-8.0,-4.0,-8.0,-5.0,42.0,-5.0,-5.0,-4.0,242.0,81.0,,,,
260,4.0,Peru,PER,98286.0,32510453.0,13617.770000000004,2021-01-08,0.0,2.0,2021-07-01,2021-01-07,EPI_SECOND_WAVE,57604.18,59.15974163755885,0.0,-5.0,-8.0,-4.0,-8.0,-5.0,42.0,-5.0,-5.0,-4.0,242.0,81.0,,,,
261,3.0,Philippines,PHL,9364.0,108116615.0,24635.705,2020-03-15,6639264.0,1.0,2021-01-09,2020-01-31,EPI_SECOND_WAVE,55833.82,2.2810555065935056,1322.2716046002736,0.0,-5.0,3.0,0.0,3.0,0.0,0.0,0.0,7.0,110.0,-39.0,20.0,48.0,126.0,403.0
262,3.0,Philippines,PHL,0.0,108116615.0,31110.624999999996,2021-01-10,0.0,2.0,2022-06-08,2021-01-09,EPI_SECOND_WAVE,55833.82,2.2810555065935056,1322.2716046002736,0.0,-5.0,3.0,0.0,3.0,0.0,0.0,0.0,7.0,110.0,-39.0,20.0,48.0,126.0,403.0
263,2.0,Papua New Guinea,PNG,174.0,8776109.0,25188.780000000002,2021-02-12,0.0,1.0,2021-07-01,2020-03-21,EPI_FIRST_WAVE,41812.72,0.19826554114129621,0.0,-325.0,-326.0,-189.0,-325.0,-302.0,-325.0,-310.0,-325.0,-328.0,,-378.0,,,,
264,4.0,Poland,POL,40249.0,37970874.0,20172.055,2020-03-25,0.0,1.0,2021-02-11,2020-03-04,EPI_SECOND_WAVE,41011.265,19.769099863226746,0.0,6.0,-13.0,367.0,-15.0,6.0,,6.0,6.0,-10.0,678.0,,,,,
265,4.0,Poland,POL,35272.0,37970874.0,9451.34,2021-02-12,0.0,2.0,2021-07-01,2021-02-11,EPI_SECOND_WAVE,41011.265,19.769099863226746,0.0,6.0,-13.0,367.0,-15.0,6.0,,6.0,6.0,-10.0,678.0,,,,,
266,4.0,Puerto Rico,PRI,2048.0,3193694.0,27323.78,2020-04-02,479614.0,1.0,2021-03-04,2020-03-14,EPI_SECOND_WAVE,43095.020000000004,7.981353254256669,3543.1212257655243,-18.0,-17.0,-18.0,-20.0,-18.0,-18.0,-18.0,-21.0,,322.0,5.0,-13.0,6.0,62.0,247.0
267,4.0,Puerto Rico,PRI,509.0,3193694.0,6339.320000000001,2021-03-07,657071.0,2.0,2021-07-01,2021-03-04,EPI_SECOND_WAVE,43095.020000000004,7.981353254256669,3543.1212257655243,-18.0,-17.0,-18.0,-20.0,-18.0,-18.0,-18.0,-21.0,,322.0,5.0,-13.0,6.0,62.0,247.0
268,5.0,Portugal,PRT,1760.0,10269417.0,11203.324999999997,2020-03-22,1778345.0,1.0,2020-08-10,2020-03-02,EPI_THIRD_WAVE,45582.284999999996,16.63677694653942,12999.40103707932,-3.0,-6.0,-3.0,-3.0,-3.0,,-3.0,18.0,,19.0,-56.0,-11.0,-4.0,12.0,86.0
269,5.0,Portugal,PRT,15242.0,10269417.0,19052.239999999998,2020-08-14,9427743.0,2.0,2021-05-16,2020-08-10,EPI_THIRD_WAVE,45582.284999999996,16.63677694653942,12999.40103707932,-3.0,-6.0,-3.0,-3.0,-3.0,,-3.0,18.0,,19.0,-56.0,-11.0,-4.0,12.0,86.0
270,5.0,Portugal,PRT,0.0,10269417.0,14921.204999999998,2021-05-26,0.0,3.0,2022-06-08,2021-05-16,EPI_THIRD_WAVE,45582.284999999996,16.63677694653942,12999.40103707932,-3.0,-6.0,-3.0,-3.0,-3.0,,-3.0,18.0,,19.0,-56.0,-11.0,-4.0,12.0,86.0
271,4.0,Palestina,PSE,2032.0,4685306.0,26199.23,2020-07-01,790630.0,1.0,2021-02-03,2020-03-05,EPI_SECOND_WAVE,50561.869999999995,8.17662709756844,3317.538918482592,-117.0,-117.0,-101.0,-118.0,-101.0,-101.0,-101.0,-118.0,-118.0,565.0,,,,,
272,4.0,Palestina,PSE,1808.0,4685306.0,6713.869999999999,2021-02-04,767849.5,2.0,2021-07-01,2021-02-03,EPI_SECOND_WAVE,50561.869999999995,8.17662709756844,3317.538918482592,-117.0,-117.0,-101.0,-118.0,-101.0,-101.0,-101.0,-118.0,-118.0,565.0,,,,,
273,2.0,French Polynesia,PYF,142.0,279287.0,,2020-10-08,0.0,1.0,2021-07-01,2020-03-10,EPI_FIRST_WAVE,,5.084375570649547,0.0,,,,,,,,,,,,,,,
274,4.0,Qatar,QAT,244.0,2832067.0,21508.835,2020-04-23,0.0,1.0,2020-12-26,2020-02-29,EPI_SECOND_WAVE,49976.41499999999,2.08328404659918,5044.043802636025,-37.0,-44.0,348.0,-32.0,-32.0,-39.0,348.0,-37.0,-36.0,20.0,-46.0,334.0,334.0,336.0,350.0
275,4.0,Qatar,QAT,347.0,2832067.0,12444.150000000001,2021-02-12,1428507.0,2.0,2021-07-01,2020-12-26,EPI_SECOND_WAVE,49976.41499999999,2.08328404659918,5044.043802636025,-37.0,-44.0,348.0,-32.0,-32.0,-39.0,348.0,-37.0,-36.0,20.0,-46.0,334.0,334.0,336.0,350.0
276,5.0,Reunion,REU,45.0,,,2020-09-13,0.0,1.0,2020-12-14,2020-03-13,EPI_THIRD_WAVE,,,,,,,,,,,,,,,,,,
277,5.0,Reunion,REU,109.0,,,2021-02-25,0.0,2.0,2021-05-11,2020-12-14,EPI_THIRD_WAVE,,,,,,,,,,,,,,,,,,
278,5.0,Reunion,REU,0.0,,,2021-05-12,0.0,3.0,2022-06-08,2021-05-11,EPI_THIRD_WAVE,,,,,,,,,,,,,,,,,,
279,6.0,Kosovo,RKS,628.0,,15425.295000000002,2020-04-15,0.0,1.0,2020-10-09,2020-03-13,EPI_THIRD_WAVE,43391.46,,,-33.0,-34.0,357.0,-35.0,-23.0,-33.0,-23.0,-33.0,-33.0,215.0,236.0,,,,
280,6.0,Kosovo,RKS,713.0,,5794.749999999999,2020-10-13,0.0,2.0,2021-01-05,2020-10-09,EPI_THIRD_WAVE,43391.46,,,-33.0,-34.0,357.0,-35.0,-23.0,-33.0,-23.0,-33.0,-33.0,215.0,236.0,,,,
281,6.0,Kosovo,RKS,914.0,,10078.689999999999,2021-01-08,0.0,3.0,2021-07-01,2021-01-05,EPI_THIRD_WAVE,43391.46,,,-33.0,-34.0,357.0,-35.0,-23.0,-33.0,-23.0,-33.0,-33.0,215.0,236.0,,,,
282,2.0,Romania,ROU,33786.0,19356544.0,29378.525,2020-03-26,0.0,1.0,2021-07-01,2020-02-26,EPI_FIRST_WAVE,42593.595,17.45456213671201,0.0,-7.0,-15.0,,-18.0,-4.0,5.0,-1.0,4.0,-5.0,432.0,214.0,,,,
283,2.0,Russia,RUS,135886.0,144373535.0,26338.165,2020-03-31,149287763.0,1.0,2021-07-01,2020-01-31,EPI_FIRST_WAVE,40706.454999999994,9.412112822478164,10340.382882499898,-14.0,-10.0,-1.0,-21.0,-1.0,,-26.0,-26.0,-1.0,6.0,-26.0,-26.0,-11.0,14.0,73.0
284,5.0,Rwanda,RWA,32.0,12626950.0,16454.49,2020-08-19,519903.75,1.0,2020-10-14,2020-03-15,EPI_THIRD_WAVE,48969.42,0.3468771160098044,1321.0620933796365,-151.0,-156.0,-151.0,-164.0,152.0,-151.0,-151.0,-151.0,-151.0,-151.0,-164.0,-133.0,-127.0,-55.0,245.0
285,5.0,Rwanda,RWA,328.0,12626950.0,15298.099999999995,2020-11-14,990954.25,2.0,2021-06-07,2020-10-14,EPI_THIRD_WAVE,48969.42,0.3468771160098044,1321.0620933796365,-151.0,-156.0,-151.0,-164.0,152.0,-151.0,-151.0,-151.0,-151.0,-151.0,-164.0,-133.0,-127.0,-55.0,245.0
286,5.0,Rwanda,RWA,0.0,12626950.0,16377.205000000002,2021-06-14,0.0,3.0,2022-06-08,2021-06-07,EPI_THIRD_WAVE,48969.42,0.3468771160098044,1321.0620933796365,-151.0,-156.0,-151.0,-164.0,152.0,-151.0,-151.0,-151.0,-151.0,-151.0,-164.0,-133.0,-127.0,-55.0,245.0
287,3.0,Saudi Arabia,SAU,6291.0,34268528.0,20653.295,2020-03-31,11455431.0,1.0,2021-01-11,2020-03-02,EPI_SECOND_WAVE,46114.985,2.2816853995012565,6422.4270152485105,-15.0,-22.0,,-18.0,26.0,-10.0,-8.0,-23.0,-16.0,57.0,-59.0,-24.0,-14.0,28.0,122.0
288,3.0,Saudi Arabia,SAU,0.0,34268528.0,25100.615000000005,2021-01-14,0.0,2.0,2022-06-08,2021-01-11,EPI_SECOND_WAVE,46114.985,2.2816853995012565,6422.4270152485105,-15.0,-22.0,,-18.0,26.0,-10.0,-8.0,-23.0,-16.0,57.0,-59.0,-24.0,-14.0,28.0,122.0
289,4.0,Sudan,SDN,836.0,42813238.0,16046.44,2020-04-19,0.0,1.0,2020-10-17,2020-03-14,EPI_SECOND_WAVE,29774.44,0.6448939928346461,0.0,-27.0,-36.0,-1.0,-36.0,340.0,-24.0,-1.0,-6.0,-34.0,401.0,511.0,,,,
290,4.0,Sudan,SDN,1925.0,42813238.0,9052.295,2020-11-05,0.0,2.0,2021-07-01,2020-10-17,EPI_SECOND_WAVE,29774.44,0.6448939928346461,0.0,-27.0,-36.0,-1.0,-36.0,340.0,-24.0,-1.0,-6.0,-34.0,401.0,511.0,,,,
291,4.0,Senegal,SEN,326.0,16296364.0,12706.99,2020-05-05,222946.25,1.0,2020-11-10,2020-03-02,EPI_SECOND_WAVE,27813.930000000004,0.7154970274350769,353.5825537524812,-43.0,-50.0,,-52.0,-43.0,,-41.0,-43.0,-46.0,73.0,-60.0,-32.0,1.0,128.0,
292,4.0,Senegal,SEN,840.0,16296364.0,7998.024999999999,2020-12-04,353858.0,2.0,2021-07-01,2020-11-10,EPI_SECOND_WAVE,27813.930000000004,0.7154970274350769,353.5825537524812,-43.0,-50.0,,-52.0,-43.0,,-41.0,-43.0,-46.0,73.0,-60.0,-32.0,1.0,128.0,
293,2.0,Singapore,SGP,36.0,5703569.0,26721.254999999997,2020-04-15,0.0,1.0,2021-07-01,2020-01-24,EPI_FIRST_WAVE,42355.185,0.06311837377613912,0.0,-7.0,-7.0,-8.0,-33.0,243.0,,-7.0,-7.0,,251.0,-86.0,,,,
294,3.0,Sierra Leone,SLE,79.0,7813215.0,16747.770000000004,2020-05-05,0.0,1.0,2021-03-26,2020-04-01,EPI_SECOND_WAVE,33539.285,0.1279882865120184,0.0,-30.0,-35.0,-30.0,-44.0,-30.0,,-30.0,-30.0,-38.0,311.0,-35.0,,,,
295,3.0,Sierra Leone,SLE,0.0,7813215.0,16295.189999999997,2021-06-27,0.0,2.0,2022-06-08,2021-03-26,EPI_SECOND_WAVE,33539.285,0.1279882865120184,0.0,-30.0,-35.0,-30.0,-44.0,-30.0,,-30.0,-30.0,-38.0,311.0,-35.0,,,,
296,5.0,El Salvador,SLV,808.0,6453553.0,16709.574999999997,2020-05-02,364865.0,1.0,2020-09-20,2020-03-19,EPI_THIRD_WAVE,38672.08,3.689440529891054,1663.279127017319,-45.0,-52.0,-42.0,-42.0,-11.0,5.0,-42.0,-45.0,-51.0,-8.0,,-24.0,-13.0,20.0,254.0
297,5.0,El Salvador,SLV,1221.0,6453553.0,9519.065000000002,2020-09-24,499537.0,2.0,2021-04-05,2020-09-20,EPI_THIRD_WAVE,38672.08,3.689440529891054,1663.279127017319,-45.0,-52.0,-42.0,-42.0,-11.0,5.0,-42.0,-45.0,-51.0,-8.0,,-24.0,-13.0,20.0,254.0
298,5.0,El Salvador,SLV,0.0,6453553.0,11155.22,2021-04-08,0.0,3.0,2022-06-08,2021-04-05,EPI_THIRD_WAVE,38672.08,3.689440529891054,1663.279127017319,-45.0,-52.0,-42.0,-42.0,-11.0,5.0,-42.0,-45.0,-51.0,-8.0,,-24.0,-13.0,20.0,254.0
299,4.0,Somalia,SOM,130.0,15442905.0,12376.035,2020-04-22,0.0,1.0,2021-01-14,2020-03-16,EPI_SECOND_WAVE,28144.065000000002,0.5018485835404672,0.0,-11.0,-32.0,,-34.0,156.0,,142.0,130.0,-35.0,398.0,559.0,,,,
300,4.0,Somalia,SOM,645.0,15442905.0,4903.325,2021-02-12,0.0,2.0,2021-07-01,2021-01-14,EPI_SECOND_WAVE,28144.065000000002,0.5018485835404672,0.0,-11.0,-32.0,,-34.0,156.0,,142.0,130.0,-35.0,398.0,559.0,,,,
301,8.0,Serbia,SRB,247.0,6944975.0,7058.795000000002,2020-03-29,269135.3333333334,1.0,2020-06-06,2020-03-06,EPI_FOURTH_WAVE,38272.665,10.146904776475077,6356.354054550232,-13.0,-13.0,-8.0,-14.0,-14.0,-8.0,-14.0,-11.0,-13.0,54.0,-23.0,-7.0,7.0,30.0,128.0
302,8.0,Serbia,SRB,503.0,6944975.0,5607.0650000000005,2020-06-18,874317.0,2.0,2020-10-01,2020-06-06,EPI_FOURTH_WAVE,38272.665,10.146904776475077,6356.354054550232,-13.0,-13.0,-8.0,-14.0,-14.0,-8.0,-14.0,-11.0,-13.0,54.0,-23.0,-7.0,7.0,30.0,128.0
303,8.0,Serbia,SRB,3234.0,6944975.0,6902.085000000001,2020-10-09,1475341.0,3.0,2021-01-30,2020-10-01,EPI_FOURTH_WAVE,38272.665,10.146904776475077,6356.354054550232,-13.0,-13.0,-8.0,-14.0,-14.0,-8.0,-14.0,-11.0,-13.0,54.0,-23.0,-7.0,7.0,30.0,128.0
304,4.0,South Sudan,SSD,49.0,11062113.0,11260.045,2020-05-24,0.0,1.0,2020-08-22,2020-04-06,EPI_SECOND_WAVE,40468.905,0.1057664118961721,159.20647348295935,-60.0,-65.0,-57.0,-69.0,255.0,5.0,-36.0,-42.0,-61.0,,-17.0,102.0,102.0,281.0,
305,4.0,South Sudan,SSD,68.0,11062113.0,17614.550000000003,2020-10-29,176116.0,2.0,2021-07-01,2020-08-22,EPI_SECOND_WAVE,40468.905,0.1057664118961721,159.20647348295935,-60.0,-65.0,-57.0,-69.0,255.0,5.0,-36.0,-42.0,-61.0,,-17.0,102.0,102.0,281.0,
306,5.0,Suriname,SUR,117.0,581372.0,20110.639999999996,2020-06-26,21233.4,1.0,2020-12-10,2020-03-15,EPI_THIRD_WAVE,52869.16,8.875556442346724,1327.6611188705338,-90.0,-102.0,-22.0,-105.0,-90.0,-81.0,-90.0,-102.0,-104.0,324.0,,38.0,41.0,105.0,
307,5.0,Suriname,SUR,60.0,581372.0,7239.665000000001,2021-01-09,21360.000000000004,2.0,2021-03-29,2020-12-10,EPI_THIRD_WAVE,52869.16,8.875556442346724,1327.6611188705338,-90.0,-102.0,-22.0,-105.0,-90.0,-81.0,-90.0,-102.0,-104.0,324.0,,38.0,41.0,105.0,
308,5.0,Suriname,SUR,0.0,581372.0,25457.75,2021-04-18,0.0,3.0,2022-06-08,2021-03-29,EPI_THIRD_WAVE,52869.16,8.875556442346724,1327.6611188705338,-90.0,-102.0,-22.0,-105.0,-90.0,-81.0,-90.0,-102.0,-104.0,324.0,,38.0,41.0,105.0,
309,4.0,Slovakia,SVK,28.0,5454073.0,6603.324999999999,2020-04-18,191971.0,1.0,2020-06-09,2020-03-06,EPI_SECOND_WAVE,40295.515,22.938820217477836,73632.85199886397,-35.0,-33.0,187.0,-39.0,-10.0,,-10.0,-10.0,-36.0,139.0,-108.0,-40.0,-23.0,4.0,175.0
310,4.0,Slovakia,SVK,12483.0,5454073.0,21637.964999999997,2020-09-12,39969469.0,2.0,2021-07-01,2020-06-09,EPI_SECOND_WAVE,40295.515,22.938820217477836,73632.85199886397,-35.0,-33.0,187.0,-39.0,-10.0,,-10.0,-10.0,-36.0,139.0,-108.0,-40.0,-23.0,4.0,175.0
311,2.0,Slovenia,SVN,4765.0,2087946.0,28345.589999999997,2020-03-29,1348806.0,1.0,2021-07-01,2020-03-04,EPI_FIRST_WAVE,40768.03,22.821471436521826,6461.896045204234,-10.0,-13.0,-9.0,-10.0,-10.0,-13.0,322.0,1.0,,314.0,-25.0,-28.0,-18.0,0.0,178.0
312,4.0,Sweden,SWE,5831.0,10285453.0,10573.91,2020-03-20,734790.0,1.0,2020-09-06,2020-01-31,EPI_SECOND_WAVE,38290.715,14.258001081721924,10305.268032433769,15.0,,,-8.0,249.0,,,,,,-49.0,101.0,101.0,109.0,185.0
313,4.0,Sweden,SWE,8834.0,10285453.0,18865.445,2020-09-13,9882672.0,2.0,2021-07-01,2020-09-06,EPI_SECOND_WAVE,38290.715,14.258001081721924,10305.268032433769,15.0,,,-8.0,249.0,,,,,,-49.0,101.0,101.0,109.0,185.0
314,4.0,Swaziland,SWZ,117.0,1148130.0,17352.345,2020-06-29,0.0,1.0,2020-11-03,2020-03-14,EPI_SECOND_WAVE,48630.285,5.9052546314441745,0.0,-94.0,-104.0,,-104.0,192.0,-94.0,-94.0,-94.0,-94.0,365.0,-108.0,,,,
315,4.0,Swaziland,SWZ,561.0,1148130.0,14252.280000000002,2020-12-12,0.0,2.0,2021-07-01,2020-11-03,EPI_SECOND_WAVE,48630.285,5.9052546314441745,0.0,-94.0,-104.0,,-104.0,192.0,-94.0,-94.0,-94.0,-94.0,365.0,-108.0,,,,
316,4.0,Syria,SYR,1004.0,17070135.0,19918.78,2020-07-04,0.0,1.0,2021-02-24,2020-03-23,EPI_SECOND_WAVE,38827.47,1.098995409233729,0.0,-110.0,-112.0,-103.0,-110.0,,-103.0,-99.0,-101.0,,,,,,,
317,4.0,Syria,SYR,875.0,17070135.0,6004.089999999998,2021-02-26,0.0,2.0,2021-07-01,2021-02-24,EPI_SECOND_WAVE,38827.47,1.098995409233729,0.0,-110.0,-112.0,-103.0,-110.0,,-103.0,-99.0,-101.0,,,,,,,
318,2.0,Togo,TGO,129.0,8082366.0,25731.775,2020-05-09,362590.0,1.0,2021-07-01,2020-03-06,EPI_FIRST_WAVE,37513.565,0.15960672901969547,448.6211092148017,-50.0,-50.0,,-54.0,,,-37.0,-49.0,-50.0,451.0,17.0,-65.0,-10.0,130.0,
319,3.0,Thailand,THA,145.0,69625582.0,20408.7,2020-03-31,2956676.0,1.0,2021-03-11,2020-01-13,EPI_SECOND_WAVE,41972.67,0.29874077031054475,1230.3736290491618,-5.0,-13.0,3.0,-21.0,329.0,,291.0,-5.0,-6.0,518.0,14.0,-33.0,3.0,104.0,430.0
320,3.0,Thailand,THA,0.0,69625582.0,21563.97,2021-04-03,0.0,2.0,2022-06-08,2021-03-11,EPI_SECOND_WAVE,41972.67,0.29874077031054475,1230.3736290491618,-5.0,-13.0,3.0,-21.0,329.0,,291.0,-5.0,-6.0,518.0,14.0,-33.0,3.0,104.0,430.0
321,2.0,Tajikistan,TJK,91.0,9321018.0,17495.490000000005,2020-05-08,0.0,1.0,2021-07-01,2020-05-01,EPI_FIRST_WAVE,27066.990000000005,0.09762882122961247,0.0,26.0,,,-20.0,,26.0,1.0,38.0,-28.0,578.0,,,,,
322,2.0,Timor-Leste,TLS,24.0,1293119.0,22872.320000000003,2021-05-16,0.0,1.0,2021-07-01,2020-03-20,EPI_FIRST_WAVE,36624.80500000001,0.18559776787751167,0.0,-414.0,-419.0,-64.0,-414.0,-414.0,-414.0,-180.0,-89.0,-398.0,-269.0,-439.0,,,,
323,3.0,Trinidad and Tobago,TTO,140.0,1394973.0,25881.92,2020-08-16,34930.0,1.0,2021-03-11,2020-03-13,EPI_SECOND_WAVE,52454.91499999999,5.971441741166316,1240.8698949728775,-146.0,-155.0,-139.0,-148.0,-138.0,288.0,-139.0,-111.0,-146.0,531.0,-156.0,134.0,134.0,134.0,264.0
324,3.0,Trinidad and Tobago,TTO,0.0,1394973.0,26051.69,2021-04-17,0.0,2.0,2022-06-08,2021-03-11,EPI_SECOND_WAVE,52454.91499999999,5.971441741166316,1240.8698949728775,-146.0,-155.0,-139.0,-148.0,-138.0,288.0,-139.0,-111.0,-146.0,531.0,-156.0,134.0,134.0,134.0,264.0
325,3.0,Tunisia,TUN,8610.0,11694719.0,22247.64,2020-04-01,0.0,1.0,2021-03-24,2020-03-02,EPI_SECOND_WAVE,40303.245,12.791243637405909,501.9770034662654,-12.0,-20.0,-10.0,-19.0,-12.0,299.0,-12.0,-12.0,-16.0,477.0,36.0,366.0,366.0,366.0,375.0
326,3.0,Tunisia,TUN,0.0,11694719.0,18055.605,2021-03-25,0.0,2.0,2022-06-08,2021-03-24,EPI_SECOND_WAVE,40303.245,12.791243637405909,501.9770034662654,-12.0,-20.0,-10.0,-19.0,-12.0,299.0,-12.0,-12.0,-16.0,477.0,36.0,366.0,366.0,366.0,375.0
327,6.0,Turkey,TUR,5630.0,83429615.0,9322.06,2020-03-22,4625093.0,1.0,2020-07-28,2020-03-11,EPI_THIRD_WAVE,47593.21,5.96095283431429,7281.189659091679,-1.0,-6.0,400.0,-6.0,174.0,299.0,-1.0,6.0,5.0,,28.0,6.0,11.0,35.0,174.0
328,6.0,Turkey,TUR,20252.0,83429615.0,11768.769999999999,2020-07-29,25013451.0,2.0,2021-01-31,2020-07-28,EPI_THIRD_WAVE,47593.21,5.96095283431429,7281.189659091679,-1.0,-6.0,400.0,-6.0,174.0,299.0,-1.0,6.0,5.0,,28.0,6.0,11.0,35.0,174.0
329,6.0,Turkey,TUR,23996.0,83429615.0,10949.930000000002,2021-02-01,31291971.0,3.0,2021-07-01,2021-01-31,EPI_THIRD_WAVE,47593.21,5.96095283431429,7281.189659091679,-1.0,-6.0,400.0,-6.0,174.0,299.0,-1.0,6.0,5.0,,28.0,6.0,11.0,35.0,174.0
330,3.0,Uganda,UGA,331.0,44269594.0,25020.91,2020-08-10,898168.5,1.0,2021-03-16,2020-03-21,EPI_SECOND_WAVE,49982.835,0.25096231964539817,300.27664134439544,-138.0,-143.0,-138.0,-145.0,-133.0,-138.0,-133.0,-133.0,-49.0,257.0,0.0,-121.0,-97.0,38.0,
331,3.0,Uganda,UGA,0.0,44269594.0,24008.995,2021-04-29,0.0,2.0,2022-06-08,2021-03-16,EPI_SECOND_WAVE,49982.835,0.25096231964539817,300.27664134439544,-138.0,-143.0,-138.0,-145.0,-133.0,-138.0,-133.0,-133.0,-49.0,257.0,0.0,-121.0,-97.0,38.0,
332,4.0,Ukraine,UKR,24174.0,44385155.0,21912.22,2020-03-30,7004541.5,1.0,2021-02-12,2020-03-03,EPI_SECOND_WAVE,48392.16999999999,11.803721311776426,2560.367086698244,-14.0,-18.0,355.0,-18.0,-13.0,-12.0,,-18.0,-14.0,171.0,38.0,11.0,18.0,72.0,243.0
333,4.0,Ukraine,UKR,28333.0,44385155.0,8393.65,2021-02-13,4385522.5,2.0,2021-07-01,2021-02-12,EPI_SECOND_WAVE,48392.16999999999,11.803721311776426,2560.367086698244,-14.0,-18.0,355.0,-18.0,-13.0,-12.0,,-18.0,-14.0,171.0,38.0,11.0,18.0,72.0,243.0
334,4.0,United States,USA,113257.0,328239523.0,6797.199999999999,2020-03-05,24520835.0,1.0,2020-06-10,2020-01-20,EPI_SECOND_WAVE,40321.945,18.309769478917993,14383.552464521465,14.0,14.0,,14.0,22.0,37.0,,,697.0,223.0,139.0,8.0,16.0,37.0,111.0
335,4.0,United States,USA,488541.0,328239523.0,22448.260000000002,2020-06-11,448233231.0,2.0,2021-07-01,2020-06-10,EPI_SECOND_WAVE,40321.945,18.309769478917993,14383.552464521465,14.0,14.0,,14.0,22.0,37.0,,,697.0,223.0,139.0,8.0,16.0,37.0,111.0
336,3.0,Uzbekistan,UZB,622.0,33580650.0,20116.005,2020-05-04,0.0,1.0,2021-02-27,2020-03-16,EPI_SECOND_WAVE,39874.59,0.22036500186863567,0.0,-49.0,-49.0,-44.0,-49.0,-6.0,-49.0,-38.0,-41.0,-49.0,413.0,-50.0,,,,
337,3.0,Uzbekistan,UZB,0.0,33580650.0,19034.039999999997,2021-04-06,0.0,2.0,2022-06-08,2021-02-27,EPI_SECOND_WAVE,39874.59,0.22036500186863567,0.0,-49.0,-49.0,-44.0,-49.0,-6.0,-49.0,-38.0,-41.0,-49.0,413.0,-50.0,,,,
338,3.0,Venezuela,VEN,1042.0,28515829.0,25203.48,2020-04-22,0.0,1.0,2021-01-07,2020-03-14,EPI_SECOND_WAVE,55774.585,1.0874661928993894,0.0,-37.0,-37.0,-37.0,-41.0,21.0,61.0,-40.0,-40.0,-35.0,16.0,,,,,
339,3.0,Venezuela,VEN,0.0,28515829.0,30315.57,2021-01-09,0.0,2.0,2022-06-08,2021-01-07,EPI_SECOND_WAVE,55774.585,1.0874661928993894,0.0,-37.0,-37.0,-37.0,-41.0,21.0,61.0,-40.0,-40.0,-35.0,16.0,,,,,
340,2.0,Yemen,YEM,1361.0,29161922.0,15152.24,2020-05-12,0.0,1.0,2021-07-01,2020-04-10,EPI_FIRST_WAVE,23783.565,0.4667044922484876,0.0,,-58.0,,-56.0,,,-11.0,-12.0,-55.0,,,,,,
341,5.0,South Africa,ZAF,19894.0,58558270.0,15853.66,2020-04-06,4366526.25,1.0,2020-10-09,2020-03-05,EPI_THIRD_WAVE,43058.08,10.356692573055863,2260.5514131479636,-11.0,-19.0,-11.0,-21.0,134.0,,-11.0,-11.0,-11.0,25.0,-30.0,-17.0,1.0,49.0,251.0
342,5.0,South Africa,ZAF,33588.0,58558270.0,9226.835,2020-10-10,5912688.5,2.0,2021-04-12,2020-10-09,EPI_THIRD_WAVE,43058.08,10.356692573055863,2260.5514131479636,-11.0,-19.0,-11.0,-21.0,134.0,,-11.0,-11.0,-11.0,25.0,-30.0,-17.0,1.0,49.0,251.0
343,5.0,South Africa,ZAF,0.0,58558270.0,17853.879999999997,2021-04-13,0.0,3.0,2022-06-08,2021-04-12,EPI_THIRD_WAVE,43058.08,10.356692573055863,2260.5514131479636,-11.0,-19.0,-11.0,-21.0,134.0,,-11.0,-11.0,-11.0,25.0,-30.0,-17.0,1.0,49.0,251.0
344,5.0,Zambia,ZMB,357.0,17861030.0,12524.229999999998,2020-06-15,422507.0,1.0,2020-12-04,2020-03-18,EPI_THIRD_WAVE,32341.109999999997,1.231171998479371,1045.7901923909203,-61.0,-87.0,-44.0,-61.0,-61.0,368.0,-61.0,-62.0,-80.0,154.0,-81.0,-61.0,-28.0,116.0,372.0
345,5.0,Zambia,ZMB,906.0,17861030.0,6874.52,2020-12-14,1065930.0,2.0,2021-05-19,2020-12-04,EPI_THIRD_WAVE,32341.109999999997,1.231171998479371,1045.7901923909203,-61.0,-87.0,-44.0,-61.0,-61.0,368.0,-61.0,-62.0,-80.0,154.0,-81.0,-61.0,-28.0,116.0,372.0
346,5.0,Zambia,ZMB,0.0,17861030.0,12500.605,2021-05-27,0.0,3.0,2022-06-08,2021-05-19,EPI_THIRD_WAVE,32341.109999999997,1.231171998479371,1045.7901923909203,-61.0,-87.0,-44.0,-61.0,-61.0,368.0,-61.0,-62.0,-80.0,154.0,-81.0,-61.0,-28.0,116.0,372.0
347,7.0,Zimbabwe,ZWE,224.0,14645468.0,15751.43,2020-06-21,117254.0,1.0,2020-10-06,2020-03-20,EPI_FOURTH_WAVE,50076.604999999996,1.2215382943037396,441.878675369063,-86.0,-89.0,-83.0,-96.0,198.0,211.0,-83.0,-83.0,-90.0,240.0,,-45.0,-31.0,139.0,
348,7.0,Zimbabwe,ZWE,1302.0,14645468.0,13143.065000000002,2020-10-27,328316.0,2.0,2021-04-08,2020-10-06,EPI_FOURTH_WAVE,50076.604999999996,1.2215382943037396,441.878675369063,-86.0,-89.0,-83.0,-96.0,198.0,211.0,-83.0,-83.0,-90.0,240.0,,-45.0,-31.0,139.0,
349,7.0,Zimbabwe,ZWE,54.0,14645468.0,2245.3799999999997,2021-04-13,85037.0,3.0,2021-05-21,2021-04-08,EPI_FOURTH_WAVE,50076.604999999996,1.2215382943037396,441.878675369063,-86.0,-89.0,-83.0,-96.0,198.0,211.0,-83.0,-83.0,-90.0,240.0,,-45.0,-31.0,139.0,
