case_rate,class,class_coarse,country,countrycode,date_peak_1,gni_per_capita,mortality_rate,peak_1,peak_1_per_rel_to,peak_case_rate,population,population_density,rel_to_constant,stringency_response_time,t0,t0_10_dead,t0_1_dead,t0_5_dead,t0_relative,testing_available,testing_response_time,total_confirmed,total_dead,total_stringency,wave_cfr_1,wave_duration_1,wave_end_1,wave_start_1,date_peak_2,date_peak_3,peak_2,peak_2_per_rel_to,peak_3,peak_3_per_rel_to,wave_cfr_2,wave_cfr_3,wave_duration_2,wave_duration_3,wave_end_2,wave_end_3,wave_start_2,wave_start_3
1047.3691141336042,0.0,1.0,Aruba,ABW,,36295.79113588431,10.064525838553717,,,7.558472342038006,106314.0,588.027777777778,10000.0,-156.0,2020-08-18,2020-09-01,2020-04-16,2020-08-21,2020-03-17,0.0,,11135.0,107.0,34875.74,,,,,,,,,,,,,,,,,,
31.601066554397043,0.0,1.0,Afghanistan,AFG,,2229.65797849241,1.304356260754959,,,0.4763750603387755,38041754.0,56.937760009803,10000.0,-37.0,2020-04-21,2020-04-07,2020-03-23,2020-04-03,2020-04-01,0.0,,120216.0,4962.0,27039.055000000004,,,,,,,,,,,,,,,,,,
12.206956761909042,0.0,1.0,Angola,AGO,,6360.55108485661,0.28279392225586597,,,0.08827210287558102,31825295.0,24.713052057431604,10000.0,-88.0,2020-07-29,2020-06-23,2020-03-31,2020-06-12,2020-06-19,0.0,,38849.0,900.0,49123.14,,,,,,,,,,,,,,,,,,
464.3031948457549,0.0,1.0,Albania,ALB,,13071.095441848898,8.604890142250465,,,3.75287728516717,2854191.0,104.612262773723,10000.0,-21.0,2020-05-27,2020-03-30,2020-03-12,2020-03-26,2020-03-18,1.0,27.0,132521.0,2456.0,43505.795,,,,,,,,,,,,,,,,,,
1803.2978144201602,0.0,1.0,Andorra,AND,,,16.46314588680615,,,13.407556380256079,77142.0,163.842553191489,10000.0,98.0,2020-08-18,2020-03-31,2020-03-22,2020-03-29,2020-03-03,0.0,,13911.0,127.0,35565.994999999995,,,,,,,,,,,,,,,,,,
647.7714768565755,0.0,1.0,United Arab Emirates,ARE,,67462.0953049371,1.8535332119683592,,,3.7176668150282786,9770529.0,135.609110109828,10000.0,-20.0,2020-04-03,2020-04-05,2020-03-21,2020-03-31,2020-03-06,1.0,-28.0,632907.0,1811.0,41617.130000000005,,,,,,,,,,,,,,,,,,
1021.138745587546,0.0,1.0,Argentina,ARG,,21190.176611877,23.324656033755485,,,7.048281986491164,44938712.0,16.2585100979651,10000.0,-6.0,2020-03-27,2020-03-17,2020-03-05,2020-03-14,2020-03-18,1.0,47.0,4588866.0,104818.0,55697.455,,,,,,,,,,,,,,,,,,
761.4654611930564,0.0,1.0,Armenia,ARM,,13894.013019589,15.271841827400802,,,6.9375090954132475,2957731.0,103.680224798033,10000.0,,2020-04-12,2020-04-09,2020-03-27,2020-04-03,2020-03-15,1.0,3.0,225221.0,4517.0,,,,,,,,,,,,,,,,,,,
130.047982866204,0.0,1.0,Antigua and Barbuda,ATG,,18922.6233973168,4.324636009802508,,,2.5153495159055406,97118.0,218.831818181818,10000.0,,2021-03-19,2021-02-18,2020-04-09,2020-12-15,2020-03-15,0.0,,1263.0,42.0,,,,,,,,,,,,,,,,,,,
12.068139689367424,0.0,1.0,Australia,AUS,,48084.8420670777,0.3587718757701522,,,0.19003081771561905,25364307.0,3.24787091037205,10000.0,-9.0,2020-03-22,2020-03-27,2020-03-01,2020-03-17,2020-03-13,1.0,15.0,30610.0,910.0,48194.58499999999,,,,,,,,,,,,,,,,,,
727.7606443659826,0.0,1.0,Austria,AUT,,55533.4796953767,14.726710973342884,,,7.6170589742245784,8877067.0,107.127966860564,10000.0,-9.0,2020-03-18,2020-03-20,2020-03-14,2020-03-18,2020-03-07,1.0,19.0,646038.0,13073.0,46795.16,,,,,,,,,,,,,,,,,,
335.2652285400902,0.0,1.0,Azerbaijan,AZE,,13513.3972681154,4.962428608969605,,,4.119679445754105,10023318.0,120.23431716463,10000.0,-29.0,2020-04-13,2020-04-12,2020-03-19,2020-04-02,2020-03-22,1.0,406.0,336047.0,4974.0,54537.670000000006,,,,,,,,,,,,,,,,,,
940.8784614842057,0.0,1.0,Belgium,BEL,,51619.4312610867,22.05928132528101,,,12.999639189168931,11484055.0,377.379590488771,10000.0,-1.0,2020-03-13,2020-03-15,2020-03-10,2020-03-12,2020-03-04,1.0,4.0,1080510.0,25333.0,42362.295,,,,,,,,,,,,,,,,,,
6.947627396683595,0.0,1.0,Benin,BEN,,3254.245627001469,0.08812699710392655,,,0.07511373860300334,11801151.0,101.853919829727,10000.0,-93.0,2020-06-26,2020-06-18,2020-04-07,2020-06-11,2020-04-26,0.0,,8199.0,104.0,33304.020000000004,,,,,,,,,,,,,,,,,,
6.635868886450515,0.0,1.0,Burkina Faso,BFA,,2132.95557021836,0.08267155898581287,,,0.08298790423703409,20321378.0,72.1912828947368,10000.0,-13.0,2020-07-05,2020-03-25,2020-03-18,2020-03-22,2020-03-24,0.0,,13485.0,168.0,21655.455,,,,,,,,,,,,,,,,,,
56.521355323416664,0.0,1.0,Bangladesh,BGD,,4976.20914827272,0.8982732196926735,,,0.40325126961174773,163046161.0,1239.57931166936,10000.0,-16.0,2020-04-14,2020-04-06,2020-03-19,2020-03-25,2020-04-14,1.0,58.0,921559.0,14646.0,53711.62,,,,,,,,,,,,,,,,,,
604.7067839623519,0.0,1.0,Bulgaria,BGR,,22405.6189840439,25.8910819909111,,,5.208238724266581,6975761.0,64.7110998526161,10000.0,-20.0,2020-04-23,2020-04-02,2020-03-12,2020-03-29,2020-03-15,1.0,38.0,421829.0,18061.0,36690.84,,,,,,,,,,,,,,,,,,
1619.7388207939202,0.0,1.0,Bahrain,BHR,,43670.5909892488,8.238015272012927,,,16.65490967952867,1641172.0,2017.27369979138,10000.0,-57.0,2020-04-12,2020-05-14,2020-03-16,2020-04-08,2020-02-25,1.0,-6.0,265827.0,1352.0,41923.200000000004,,,,,,,,,,,,,,,,,,
326.04844383052364,0.0,1.0,Bahamas,BHS,,33481.0155739278,6.316081359343949,,,2.607859376593233,389482.0,38.5254745254745,10000.0,-36.0,2020-08-14,2020-04-25,2020-04-03,2020-04-07,2020-03-19,0.0,,12699.0,246.0,48706.979999999996,,,,,,,,,,,,,,,,,,
621.0905786125417,0.0,1.0,Bosnia and Herzegovina,BIH,,14871.8111367895,29.224477431081493,,,4.790972432596183,3301000.0,64.92048828125,10000.0,-14.0,2020-04-13,2020-03-31,2020-03-21,2020-03-28,2020-03-16,1.0,12.0,205022.0,9647.0,36353.535,,,,,,,,,,,,,,,,,,
440.68379195796365,0.0,1.0,Belarus,BLR,,18546.487129986,3.3200040224547624,,,2.0177916361189876,9466856.0,46.7195037884204,10000.0,,2020-04-09,2020-04-07,2020-04-01,2020-04-06,2020-03-22,1.0,-20.0,417189.0,3143.0,18473.72,,,,,,,,,,,,,,,,,,
338.84714604473385,0.0,1.0,Belize,BLZ,,6381.59768200292,8.428268772111396,,,6.691745310380238,390353.0,16.7939938623411,10000.0,-163.0,2020-09-02,2020-08-26,2020-04-07,2020-08-21,2020-03-27,1.0,414.0,13227.0,329.0,50375.92999999999,,,,,,,,,,,,,,,,,,
393.31643668450204,0.0,1.0,Bermuda,BMU,,,5.16286492067962,,,9.644052871312798,63918.0,1183.70368279874,10000.0,-268.0,2021-03-29,2020-12-28,2020-04-08,2020-04-15,2020-03-18,0.0,,2514.0,33.0,39550.64,,,,,,,,,,,,,,,,,,
380.1087456896926,0.0,1.0,Bolivia,BOL,,8553.783786085,14.506952949249117,,,2.4022945290892235,11513100.0,10.4801458506416,10000.0,-24.0,2020-04-29,2020-04-05,2020-03-31,2020-03-31,2020-03-28,1.0,40.0,437623.0,16702.0,40401.47,,,,,,,,,,,,,,,,,,
877.2019185809404,0.0,1.0,Brazil,BRA,,14262.9345882029,24.44852671951262,,,3.5842094746116837,211049527.0,25.0617162430876,10000.0,-10.0,2020-03-24,2020-03-22,2020-03-19,2020-03-22,2020-03-24,1.0,42.0,18513305.0,515985.0,49166.634999999995,,,,,,,,,,,,,,,,,,
142.1827366954098,0.0,1.0,Barbados,BRB,,15079.1583896086,1.637488023691316,,,2.645364390856944,287025.0,666.606976744186,10000.0,-315.0,2021-01-15,2021-01-26,2020-04-07,2020-04-16,2020-03-18,0.0,,4081.0,47.0,44670.06,,,,,,,,,,,,,,,,,,
310.1232497155659,0.0,1.0,Botswana,BWA,,16437.141417634,5.026702730437206,,,2.4900968189082904,2303697.0,3.9774248760432704,10000.0,-181.0,2020-08-08,2020-09-13,2020-03-26,2020-08-25,2020-04-10,1.0,14.0,71443.0,1158.0,38764.74999999999,,,,,,,,,,,,,,,,,,
23.309944712376865,0.0,1.0,Central African Republic,CAF,,959.309045449728,0.20652514074793712,,,0.3206257651553251,4745185.0,7.490412212270059,10000.0,-81.0,2020-05-31,2020-06-15,2020-05-23,2020-06-07,2020-04-23,0.0,,11061.0,98.0,23312.5,,,,,,,,,,,,,,,,,,
376.3670592947529,0.0,1.0,Canada,CAN,,48527.0357257404,6.9211255065342865,,,2.2766380158552426,37589262.0,4.07518823864492,10000.0,-9.0,2020-03-23,2020-03-21,2020-03-10,2020-03-19,2020-03-16,1.0,9.0,1414736.0,26016.0,53830.545,,,,,,,,,,,,,,,,,,
816.6993825651628,0.0,1.0,Switzerland,CHE,,67888.1314507739,12.09236519152795,,,8.984099380272738,8574832.0,215.465350480429,10000.0,-17.0,2020-03-12,2020-03-13,2020-03-05,2020-03-11,2020-03-01,1.0,82.0,700306.0,10369.0,38276.59,,,,,,,,,,,,,,,,,,
820.9681723939136,0.0,1.0,Chile,CHL,,23261.297256874903,17.17229566551101,,,4.108227606671415,18952038.0,25.189446066651897,10000.0,-16.0,2020-03-26,2020-04-01,2020-03-23,2020-03-28,2020-03-17,1.0,5.0,1555902.0,32545.0,51230.774999999994,,,,,,,,,,,,,,,,,,
0.8483274487288182,0.0,1.0,China,CHN,,15187.154155523302,0.03931416633576945,,,0.02798189493975116,1397715000.0,148.348833270666,10000.0,0.0,2020-01-25,2020-01-22,2020-01-12,2020-01-21,2020-01-30,0.0,,118572.0,5495.0,58418.25,,,,,,,,,,,,,,,,,,
18.783628157811563,0.0,1.0,Côte d'Ivoire,CIV,,4866.04556645904,0.12171153324490258,,,0.15676401041401877,25716544.0,78.8340534591195,10000.0,-32.0,2020-04-22,2020-04-20,2020-03-30,2020-04-12,2020-03-26,1.0,59.0,48305.0,313.0,23410.915,,,,,,,,,,,,,,,,,,
31.247802049591172,0.0,1.0,Cameroon,CMR,,3580.9027372221794,0.5116635325343035,,,0.4121795353799213,25876380.0,53.3439889149796,10000.0,-13.0,2020-04-17,2020-03-31,2020-03-25,2020-03-28,2020-03-31,0.0,,80858.0,1324.0,29579.81,,,,,,,,,,,,,,,,,,
4.764573090068647,0.0,1.0,Democratic Republic of the Congo,COD,,1062.54300416019,0.10750016185514723,,,0.0413639422357962,86790567.0,37.0825923557045,10000.0,-14.0,2020-05-11,2020-04-02,2020-03-22,2020-03-29,2020-04-26,0.0,,41352.0,933.0,34380.56,,,,,,,,,,,,,,,,,,
23.594426399886405,0.0,1.0,Republic of Congo,COG,,2879.19098511686,0.30852105414581676,,,0.16966002891495427,5380508.0,15.3568462664715,10000.0,-44.0,2020-06-22,2020-05-11,2020-04-01,2020-04-18,2020-04-03,0.0,,12695.0,166.0,39393.44,,,,,,,,,,,,,,,,,,
836.932979174998,0.0,1.0,Colombia,COL,,14256.6708530627,21.043935666908354,,,5.832149212639139,50339443.0,44.7487021180712,10000.0,-19.0,2020-04-03,2020-03-31,2020-03-23,2020-03-28,2020-03-24,1.0,72.0,4213074.0,105934.0,53336.43,,,,,,,,,,,,,,,,,,
46.339932728943715,0.0,1.0,Comoros,COM,,3084.8146828000395,1.7158585286395591,,,1.0031560380255742,850886.0,447.24447754022697,10000.0,,2021-01-08,2021-01-01,2020-05-04,2020-06-19,2020-05-07,0.0,,3943.0,146.0,0.0,,,,,,,,,,,,,,,,,,
591.4153490867102,0.0,1.0,Cape Verde,CPV,,7019.168144240351,5.200614618091229,,,5.303224147269353,549935.0,134.92977667493798,10000.0,-103.0,2020-06-26,2020-06-27,2020-03-28,2020-06-03,2020-03-22,1.0,,32524.0,286.0,47619.62,,,,,,,,,,,,,,,,,,
725.4216442357011,3.0,2.0,Costa Rica,CRI,2020-09-22,18486.3714110106,9.234162796645746,1210.857142857143,2.398895511826688,4.8324612336815465,5047561.0,97.91306306306308,10000.0,-69.0,2020-05-30,2020-05-18,2020-03-21,2020-04-22,2020-03-15,1.0,16.0,366161.0,4661.0,45926.37,0.013703507674541694,368.0,2021-03-11,2020-03-08,,,,,,,,,,,,,,
168.5210098254879,0.0,1.0,Cuba,CUB,,,1.132926215180276,,,1.827454858442773,11333483.0,108.999596231494,10000.0,-19.0,2020-04-20,2020-04-08,2020-03-19,2020-04-01,2020-03-27,1.0,21.0,190993.0,1284.0,49986.33,,,,,,,,,,,,,,,,,,
645.4998644223349,0.0,1.0,Cyprus,CYP,,38206.8404942115,3.1871180360010842,,,6.790802172818317,1198575.0,128.708333333333,10000.0,-31.0,2020-07-05,2020-04-10,2020-03-25,2020-03-28,2020-03-12,1.0,4.0,77368.0,382.0,45008.490000000005,,,,,,,,,,,,,,,,,,
1567.2976648191625,0.0,1.0,Czech Republic,CZE,,37294.2380336301,28.552793707869633,,,11.366557151920183,10669709.0,137.657705257705,10000.0,-15.0,2020-03-22,2020-03-26,2020-03-23,2020-03-26,2020-03-11,1.0,71.0,1672261.0,30465.0,39011.835,,,,,,,,,,,,,,,,,,
448.4882074041559,0.0,1.0,Germany,DEU,,55154.6495573688,11.120520554107651,,,2.9844847570761015,83132799.0,237.30759674834,10000.0,2.0,2020-03-09,2020-03-08,2020-02-21,2020-03-07,2020-03-05,0.0,,3728408.0,92448.0,50440.98,,,,,,,,,,,,,,,,,,
119.17087801470889,0.0,1.0,Djibouti,DJI,,5689.34896617677,1.592094991577304,,,1.8452160847082577,973560.0,41.3684210526316,10000.0,-60.0,2020-04-26,2020-05-22,2020-04-10,2020-05-19,2020-03-18,0.0,,11602.0,155.0,40281.965,,,,,,,,,,,,,,,,,,
502.7487074535542,0.0,1.0,Denmark,DNK,,57552.5559784054,4.418624355574315,,,5.751061671665986,5818553.0,137.976565849012,10000.0,264.0,2020-03-18,2020-03-20,2020-03-13,2020-03-18,2020-03-08,1.0,2.0,292527.0,2571.0,36613.985,,,,,,,,,,,,,,,,,,
302.8422310618963,0.0,1.0,Dominican Republic,DOM,,17591.065218358897,3.5590045142182323,,,1.5036707605018236,10738958.0,219.97857586421,10000.0,-7.0,2020-04-01,2020-03-26,2020-03-18,2020-03-25,2020-03-22,1.0,27.0,325221.0,3822.0,47619.880000000005,,,,,,,,,,,,,,,,,,
32.43114878679687,0.0,1.0,Algeria,DZA,,11371.701571086202,0.8631211156356062,,,0.24239196331378232,43053054.0,17.7300750711665,10000.0,-10.0,2020-04-04,2020-03-20,2020-03-12,2020-03-18,2020-03-24,0.0,,139626.0,3716.0,50093.810000000005,,,,,,,,,,,,,,,,,,
263.9075170220303,0.0,1.0,Ecuador,ECU,,11043.9825469286,12.409588721134323,,,1.2418222479521015,17373662.0,68.7886817522951,10000.0,-11.0,2020-03-25,2020-03-24,2020-03-16,2020-03-22,2020-03-18,1.0,32.0,458504.0,21560.0,51965.755000000005,,,,,,,,,,,,,,,,,,
28.019464025372812,0.0,1.0,Egypt,EGY,,11079.2528929273,1.6106495041497608,,,0.15263623142618887,100388073.0,98.8734692852479,10000.0,-1.0,2020-04-05,2020-03-22,2020-03-08,2020-03-18,2020-03-28,0.0,,281282.0,16169.0,42532.145000000004,,,,,,,,,,,,,,,,,,
18.696491444231622,0.0,1.0,Eritrea,ERI,,,0.07156254005946536,,,0.22491084018689117,3213972.0,31.8215049504951,10000.0,-374.0,2020-12-28,2021-04-01,2020-12-23,2021-01-09,2020-04-02,0.0,,6009.0,23.0,55367.73999999999,,,,,,,,,,,,,,,,,,
815.263048677861,0.0,1.0,Spain,ESP,,40418.8999723115,17.447242197804474,,,7.272101778945822,47076781.0,93.6771974435832,10000.0,1.0,2020-03-09,2020-03-09,2020-02-15,2020-03-07,2020-03-05,1.0,33.0,3837996.0,82136.0,44193.024999999994,,,,,,,,,,,,,,,,,,
987.0570409847805,0.0,1.0,Estonia,EST,,34643.3437012131,9.565879435243746,,,11.10688736858088,1326590.0,30.411249137336103,10000.0,-22.0,2020-04-04,2020-04-03,2020-03-26,2020-04-02,2020-03-06,1.0,-11.0,130942.0,1269.0,32190.204999999994,,,,,,,,,,,,,,,,,,
24.62884795357692,0.0,1.0,Ethiopia,ETH,,2206.5343777539897,0.3854433396952303,,,0.18571766471657913,112078730.0,109.224559,10000.0,-27.0,2020-05-31,2020-04-12,2020-04-06,2020-04-12,2020-05-25,1.0,56.0,276037.0,4320.0,40686.76499999999,,,,,,,,,,,,,,,,,,
174.72194516471345,0.0,1.0,Finland,FIN,,48511.3977993724,1.7879417728774123,,,1.2497995067464849,5520314.0,18.1485472672831,10000.0,-10.0,2020-03-25,2020-03-22,2020-03-07,2020-03-18,2020-03-07,1.0,11.0,96452.0,987.0,33283.515,,,,,,,,,,,,,,,,,,
49.64307103858294,0.0,1.0,Fiji,FJI,,12610.8098016618,0.2359675173857496,,,2.3885691555781996,889953.0,48.3570333880679,10000.0,-465.0,2021-06-13,2021-06-24,2020-08-01,2021-06-16,2020-03-25,1.0,-101.0,4418.0,21.0,51454.365000000005,,,,,,,,,,,,,,,,,,
844.6940866452697,6.0,3.0,France,FRA,2020-04-11,46536.6862492364,16.4230816553568,4082.071428571429,0.6087202963183385,6.9202323588764765,67059887.0,122.299437237519,10000.0,-8.0,2020-03-09,2020-03-08,2020-02-15,2020-03-06,2020-03-06,1.0,89.0,5664509.0,110133.0,48876.58500000001,0.18590872198289318,160.0,2020-07-02,2020-01-24,2020-11-03,2021-04-02,46407.0,6.9202323588764765,33585.07142857143,5.0082207010834106,0.011914872132440604,0.016253536490057296,158.0,206.0,2020-12-07,2021-07-01,2020-07-02,2020-12-07
115.31916675987385,0.0,1.0,Gabon,GAB,,14058.120153041698,0.7318491065227087,,,0.8436319889206066,2172579.0,8.224764233321691,10000.0,-63.0,2020-05-14,2020-05-15,2020-03-20,2020-04-25,2020-03-31,0.0,,25054.0,159.0,50342.25,,,,,,,,,,,,,,,,,,
736.5858946451308,5.0,3.0,United Kingdom,GBR,2020-05-01,45686.388076626296,19.261785902036532,4707.071428571428,0.7042886711674067,8.553945488747258,66834405.0,274.70898193692403,10000.0,10.0,2020-03-13,2020-03-11,2020-03-04,2020-03-07,2020-03-08,1.0,28.0,4922928.0,128735.0,43643.965,0.1408467603702434,164.0,2020-07-14,2020-02-01,2021-01-10,,57169.78571428572,8.553945488747258,,,0.020596256357442465,,299.0,,2021-05-09,,2020-07-14,
986.613740201947,0.0,1.0,Georgia,GEO,,13701.1208760553,14.318422140522129,,,11.570048452013799,3720382.0,65.0477623429791,10000.0,-69.0,2020-07-15,2020-05-09,2020-04-05,2020-04-22,2020-03-11,1.0,245.0,367058.0,5327.0,48237.81,,,,,,,,,,,,,,,,,,
,0.0,1.0,Guernsey,GGY,,,,,,,,,10000.0,,,2020-04-13,2020-03-30,2020-04-07,,0.0,,838.0,17.0,,,,,,,,,,,,,,,,,,,
31.664624883489488,4.0,2.0,Ghana,GHA,2020-08-02,4863.97503028016,0.2616883977621566,679.4285714285714,0.22336504302886154,0.2537513304215599,30417856.0,130.821429199262,10000.0,-40.0,2020-04-20,2020-04-25,2020-03-24,2020-04-06,2020-04-01,1.0,18.0,96317.0,796.0,35369.05,0.0065634858461603605,217.0,2020-10-15,2020-03-12,2021-02-08,,771.8571428571429,0.2537513304215599,,,0.009901191810125293,,259.0,,2021-07-01,,2020-10-15,
1290.1694311741492,0.0,1.0,Gibraltar,GIB,,,27.89234740808878,,,32.512812252285855,33701.0,3371.8,10000.0,-296.0,2020-11-30,2021-01-07,2020-11-13,2020-11-25,2020-03-03,0.0,,4348.0,94.0,10537.119999999997,,,,,,,,,,,,,,,,,,
18.641094220563915,0.0,1.0,Guinea,GIN,,2405.18149692222,0.1346775404686434,,,0.12147824663533781,12771246.0,50.5222122741332,10000.0,-39.0,2020-04-26,2020-05-05,2020-04-15,2020-04-21,2020-04-03,0.0,,23807.0,172.0,46068.465,,,,,,,,,,,,,,,,,,
,0.0,1.0,Guadeloupe,GLP,,,,,,,,,10000.0,,2020-08-31,2020-04-19,2020-03-28,2020-04-01,,0.0,,17539.0,267.0,,,,,,,,,,,,,,,,,,,
26.050962088097915,0.0,1.0,Gambia,GMB,,2167.88347249082,0.7752248364999706,,,0.4572852940578712,2347706.0,225.30652173913,10000.0,-131.0,2020-08-06,2020-08-05,2020-03-28,2020-07-22,2020-05-01,0.0,,6116.0,182.0,33311.815,,,,,,,,,,,,,,,,,,
20.141369613133694,0.0,1.0,Guinea-Bissau,GNB,,1996.0429265447303,0.3592025079623223,,,0.28371792295574727,1920922.0,66.6539473684211,10000.0,,2020-05-19,2020-06-06,2020-04-27,2020-05-19,2020-04-04,0.0,,3869.0,69.0,,,,,,,,,,,,,,,,,,,
64.46969216496336,0.0,1.0,Equatorial Guinea,GNQ,,13944.1322313152,0.8997143038349953,,,0.5947174760127105,1355986.0,46.6657397504456,10000.0,,2020-05-20,2020-05-20,2020-04-21,2020-05-06,2020-03-23,0.0,,8742.0,122.0,,,,,,,,,,,,,,,,,,,
399.534467142738,0.0,1.0,Greece,GRC,,29555.1694264078,11.90986982287393,,,2.7738061622261814,10716322.0,83.26518231186971,10000.0,-22.0,2020-03-29,2020-03-22,2020-03-13,2020-03-18,2020-03-08,1.0,13.0,428154.0,12763.0,52478.0,,,,,,,,,,,,,,,,,,
176.81434611099743,0.0,1.0,Guatemala,GTM,,8494.085110856791,5.549858811350934,,,0.8598172859659803,16604026.0,152.547125793206,10000.0,-38.0,2020-05-12,2020-04-24,2020-03-18,2020-04-14,2020-04-09,1.0,65.0,293583.0,9215.0,48792.66499999999,,,,,,,,,,,,,,,,,,
,0.0,1.0,French Guiana,GUF,,,,,,,,,10000.0,,2020-06-13,2020-06-26,2020-04-21,2020-06-17,,0.0,,27536.0,145.0,,,,,,,,,,,,,,,,,,,
483.9384556529224,0.0,1.0,Guam,GUM,,,8.36850096237761,,,6.054354267679312,167294.0,306.977777777778,10000.0,-161.0,2020-08-27,2020-08-28,2020-03-23,2020-04-12,2020-03-17,1.0,-4.0,8096.0,140.0,41487.45,,,,,,,,,,,,,,,,,,
254.98041560313044,0.0,1.0,Guyana,GUY,,9074.54415683732,5.978798261549429,,,1.7310409496580075,782766.0,3.9573482346964703,10000.0,-34.0,2020-08-26,2020-05-07,2020-03-13,2020-04-08,2020-03-16,0.0,,19959.0,468.0,50839.924999999996,,,,,,,,,,,,,,,,,,
268.8958074277171,0.0,1.0,Honduras,HND,,5308.45259838597,7.161826602327881,,,1.0410739550354846,9746117.0,85.6870319063366,10000.0,-20.0,2020-05-04,2020-04-02,2020-03-27,2020-04-01,2020-03-27,0.0,,262069.0,6980.0,58216.51,,,,,,,,,,,,,,,,,,
884.7498463429624,0.0,1.0,Croatia,HRV,,28069.8483714647,20.174554394591272,,,8.65291070331021,4067500.0,73.04937455325229,10000.0,-26.0,2020-04-03,2020-04-05,2020-03-20,2020-03-29,2020-03-14,1.0,6.0,359872.0,8206.0,34746.505000000005,,,,,,,,,,,,,,,,,,
16.826662909256502,0.0,1.0,Haiti,HTI,,1708.80904336267,0.400423436686085,,,0.15841902832465002,11263077.0,403.59854862118993,10000.0,-48.0,2020-05-27,2020-05-06,2020-04-07,2020-04-25,2020-04-22,0.0,,18952.0,451.0,38095.47,,,,,,,,,,,,,,,,,,
827.1895789834726,0.0,1.0,Hungary,HUN,,29840.3409734142,30.698215517808745,,,8.966343047002017,9769949.0,107.981486799956,10000.0,-14.0,2020-04-10,2020-03-25,2020-03-16,2020-03-23,2020-03-17,1.0,12.0,808160.0,29992.0,39150.655,,,,,,,,,,,,,,,,,,
81.40797694325764,0.0,1.0,Indonesia,IDN,,11459.0969211849,2.179949235247425,,,0.6673215951062159,270625568.0,147.75219008926,10000.0,-15.0,2020-03-27,2020-03-18,2020-03-11,2020-03-16,2020-03-30,1.0,370.0,2203108.0,58995.0,51253.310000000005,,,,,,,,,,,,,,,,,,
190.69800435070465,0.0,1.0,Isle of Man,IMN,,,4.6108010971342095,,,7.363770250368188,84584.0,147.50350877193,10000.0,,2021-03-11,2020-04-22,2020-04-03,2020-04-10,2020-03-20,0.0,,1613.0,39.0,,,,,,,,,,,,,,,,,,,
222.5646871974118,0.0,1.0,India,IND,,6681.34690427478,2.9234031746926497,,,2.7999228453484264,1366417754.0,454.93807257524696,10000.0,-11.0,2020-03-30,2020-03-25,2020-03-13,2020-03-22,2020-04-11,1.0,56.0,30411634.0,399459.0,54729.64,,,,,,,,,,,,,,,,,,
551.1263509209049,0.0,1.0,Ireland,IRL,,65762.20504679291,10.203495172666129,,,10.554462564846574,4941444.0,70.65344752503991,10000.0,-11.0,2020-03-24,2020-03-23,2020-03-03,2020-03-21,2020-03-11,1.0,16.0,272336.0,5042.0,45971.815,,,,,,,,,,,,,,,,,,
386.4921042315869,0.0,1.0,Iran,IRN,,14562.9132971015,10.162830828401692,,,2.8376852904333254,82913906.0,50.222420123284,10000.0,-3.0,2020-03-03,2020-02-25,2020-02-20,2020-02-23,2020-03-01,1.0,49.0,3204557.0,84264.0,51813.02500000001,,,,,,,,,,,,,,,,,,
342.38398110719663,0.0,1.0,Iraq,IRQ,,10890.9661916743,4.371939677204527,,,1.9466800777956834,39309783.0,88.53057003546171,10000.0,-21.0,2020-04-07,2020-03-17,2020-03-04,2020-03-09,2020-03-21,1.0,41.0,1345904.0,17186.0,54691.22,,,,,,,,,,,,,,,,,,
184.38306952697522,0.0,1.0,Iceland,ISL,,54377.5001986401,0.8303050263898615,,,2.245777404711625,361313.0,3.51841396508728,10000.0,-37.0,2020-03-30,2020-04-22,2020-03-21,2020-04-08,2020-03-03,1.0,-14.0,6662.0,30.0,31949.835,,,,,,,,,,,,,,,,,,
930.3392133255277,0.0,1.0,Israel,ISR,,39567.76348538431,7.110114543867981,,,8.838213690035678,9053300.0,410.480591497227,10000.0,-23.0,2020-03-22,2020-03-27,2020-03-21,2020-03-26,2020-03-09,1.0,-4.0,842264.0,6437.0,44918.08500000001,,,,,,,,,,,,,,,,,,
706.4830793024628,0.0,1.0,Italy,ITA,,42776.3569163437,21.156137488922408,,,5.729328202308628,60297396.0,205.418372203713,10000.0,-3.0,2020-03-01,2020-02-26,2020-02-23,2020-02-25,2020-02-26,1.0,16.0,4259909.0,127566.0,56185.315,,,,,,,,,,,,,,,,,,
170.01104712274517,0.0,1.0,Jamaica,JAM,,9296.6799875818,3.6461949496638546,,,2.2681513035716283,2948279.0,270.993074792244,10000.0,-87.0,2020-08-10,2020-06-06,2020-03-20,2020-04-16,2020-03-20,1.0,37.0,50124.0,1075.0,56296.34,,,,,,,,,,,,,,,,,,
,0.0,1.0,Jersey,JEY,,,,,,,,,10000.0,,2020-12-01,2020-04-18,2020-03-27,2020-04-16,,0.0,,3562.0,69.0,,,,,,,,,,,,,,,,,,,
743.8395975962052,0.0,1.0,Jordan,JOR,,9806.61102378117,9.651846512080052,,,8.07071142155535,10101694.0,112.14249831043,10000.0,-108.0,2020-06-26,2020-07-04,2020-03-28,2020-03-31,2020-03-18,1.0,213.0,751404.0,9750.0,44073.12,,,,,,,,,,,,,,,,,,
63.35710110988775,0.0,1.0,Japan,JPN,,42563.6317364637,1.1706338318119383,,,0.4947477119698875,126264931.0,347.07345841562403,10000.0,274.0,2020-03-22,2020-03-09,2020-02-13,2020-02-29,2020-03-13,1.0,74.0,799978.0,14781.0,35149.545,,,,,,,,,,,,,,,,,,
260.7150399726044,0.0,1.0,Kazakhstan,KAZ,,22857.4608169247,4.190898420810709,,,1.532629755000694,18513930.0,6.76982572137645,10000.0,-30.0,2020-04-14,2020-04-11,2020-03-28,2020-04-05,2020-03-26,1.0,1.0,482686.0,7759.0,54043.395,,,,,,,,,,,,,,,,,,
35.02892961884391,0.0,1.0,Kenya,KEN,,4243.62555965515,0.6912165454948592,,,0.24561311245884238,52573973.0,90.29941666373828,10000.0,-35.0,2020-05-21,2020-04-17,2020-03-27,2020-04-02,2020-04-20,1.0,56.0,184161.0,3634.0,47576.2,,,,,,,,,,,,,,,,,,
195.75183137418884,0.0,1.0,Kyrgyzstan,KGZ,,4864.39035134928,3.111400207529929,,,1.9116869439779816,6456900.0,32.9655891553702,10000.0,-52.0,2020-04-24,2020-05-03,2020-04-03,2020-04-10,2020-03-23,0.0,,126395.0,2009.0,44472.524999999994,,,,,,,,,,,,,,,,,,
30.561290536244655,0.0,1.0,Cambodia,KHM,,4246.17810652742,0.36514631145815785,,,0.4431319973414853,16486542.0,92.0564128710628,10000.0,-386.0,2021-03-08,2021-03-28,2021-03-12,2021-03-24,2020-03-23,1.0,75.0,50385.0,602.0,40182.175,,,,,,,,,,,,,,,,,,
30.501789066210357,0.0,1.0,South Korea,KOR,,43043.710571372205,0.3908403120858925,,,0.19821049120380538,51709098.0,529.358501289308,10000.0,-5.0,2020-02-26,2020-02-26,2020-02-20,2020-02-24,2020-02-22,1.0,6.0,157722.0,2021.0,41052.115000000005,,,,,,,,,,,,,,,,,,
847.824965659104,0.0,1.0,Kuwait,KWT,,59333.4756940256,4.680202411029209,,,4.094625319117443,4207083.0,232.172390572391,10000.0,-43.0,2020-04-12,2020-04-22,2020-04-04,2020-04-18,2020-02-27,1.0,40.0,356687.0,1969.0,46075.785,,,,,,,,,,,,,,,,,,
794.7619744292097,0.0,1.0,Lebanon,LBN,,14654.5339451571,11.451762931149538,,,6.7432811145974165,6855713.0,669.4941348973609,10000.0,-11.0,2020-05-22,2020-03-29,2020-03-11,2020-03-26,2020-03-10,1.0,423.0,544866.0,7851.0,49403.509999999995,,,,,,,,,,,,,,,,,,
8.844782671922362,0.0,1.0,Liberia,LBR,,1319.38751495325,0.3868453149386698,,,0.22148847313803421,4937374.0,50.030907392026606,10000.0,-33.0,2020-07-12,2020-04-24,2020-04-05,2020-04-08,2020-04-08,0.0,,4367.0,191.0,40332.935,,,,,,,,,,,,,,,,,,
285.4671637659699,0.0,1.0,Libya,LBY,,13686.0204479957,4.711210053571755,,,1.3764127622846207,6777452.0,3.795632381190541,10000.0,-94.0,2020-07-06,2020-06-16,2020-04-03,2020-05-29,2020-04-15,1.0,,193474.0,3193.0,53853.55,,,,,,,,,,,,,,,,,,
289.5125553914328,0.0,1.0,Saint Lucia,LCA,,14139.665701278402,4.5954373871656005,,,5.115159472618852,182790.0,298.17868852459,10000.0,,2021-01-29,2021-01-22,2020-11-11,2020-12-19,2020-03-15,0.0,,5292.0,84.0,,,,,,,,,,,,,,,,,,,
824.3246797653804,0.0,1.0,Liechtenstein,LIE,,,15.518556511218074,,,9.69440091984083,38019.0,236.9375,10000.0,-268.0,2020-11-15,2020-11-22,2020-04-04,2020-11-13,2020-03-02,1.0,51.0,3134.0,59.0,14326.495000000003,,,,,,,,,,,,,,,,,,
119.69545475393294,0.0,1.0,Sri Lanka,LKA,,12707.366242818998,1.4048525432279961,,,1.3602649700893061,21803000.0,345.558922022006,10000.0,-72.0,2020-05-19,2020-05-25,2020-03-29,2020-04-04,2020-03-29,1.0,32.0,260972.0,3063.0,48524.565,,,,,,,,,,,,,,,,,,
53.71557845881084,0.0,1.0,Lesotho,LSO,,3150.6201307306105,1.5480400589478596,,,1.4982984330850109,2125268.0,69.437812911726,10000.0,-113.0,2020-08-22,2020-07-09,2020-07-09,2020-07-09,2020-06-22,0.0,,11416.0,329.0,43310.095,,,,,,,,,,,,,,,,,,
999.776090803791,0.0,1.0,Lithuania,LTU,,34264.1238301971,15.738232925847303,,,10.770247634959114,2786844.0,44.7230757742448,10000.0,-25.0,2020-04-18,2020-04-06,2020-03-24,2020-04-01,2020-03-17,1.0,3.0,278622.0,4386.0,35643.925,,,,,,,,,,,,,,,,,,
1141.9173538787152,0.0,1.0,Luxembourg,LUX,,72475.6812019285,13.195761869732987,,,10.32546473233298,619896.0,250.18518518518505,10000.0,-16.0,2020-03-25,2020-03-29,2020-03-15,2020-03-22,2020-03-13,1.0,1.0,70787.0,818.0,37822.19,,,,,,,,,,,,,,,,,,
718.4744370654578,0.0,1.0,Latvia,LVA,,29410.0871972237,13.137884000796742,,,4.94341732711464,1912789.0,30.993470569314898,10000.0,-40.0,2020-05-18,2020-04-22,2020-04-04,2020-04-12,2020-03-12,1.0,-18.0,137429.0,2513.0,37117.115,,,,,,,,,,,,,,,,,,
622.8619546339667,0.0,1.0,Saint-Martin,MAF,,,7.1048892163570345,,,4.567428781943808,38002.0,672.058823529412,10000.0,,2021-01-05,2020-11-05,2020-03-31,2020-08-16,2020-03-02,0.0,,2367.0,27.0,,,,,,,,,,,,,,,,,,,
145.69104119956452,0.0,1.0,Morocco,MAR,,7368.360267518349,2.5488207056806047,,,1.4108563961191072,36471769.0,80.72851893345279,10000.0,-13.0,2020-04-06,2020-03-27,2020-03-11,2020-03-25,2020-03-26,1.0,51.0,531361.0,9296.0,54787.865000000005,,,,,,,,,,,,,,,,,,
661.3797351401294,0.0,1.0,Monaco,MCO,,,8.469356328919002,,,5.75622919324798,38964.0,19196.0,10000.0,-319.0,2021-01-08,2021-01-28,2020-04-11,2021-01-08,2020-03-01,0.0,,2577.0,33.0,41239.04,,,,,,,,,,,,,,,,,,
966.023576583258,0.0,1.0,Moldova,MDA,,12970.8520869435,25.36840057539837,,,5.947549861560691,2657637.0,94.018880412443,10000.0,-26.0,2020-04-08,2020-04-05,2020-03-21,2020-04-01,2020-03-16,1.0,,256734.0,6742.0,40757.085,,,,,,,,,,,,,,,,,,
15.645192514587045,0.0,1.0,Madagascar,MDG,,1596.28107991686,0.3370498174091014,,,0.20502142358666148,26969307.0,45.1398556204881,10000.0,-82.0,2020-06-07,2020-06-11,2020-05-01,2020-05-30,2020-05-02,1.0,70.0,42194.0,909.0,38039.0,,,,,,,,,,,,,,,,,,
1392.4207980744059,0.0,1.0,Maldives,MDV,,16564.4229654514,4.011654515559758,,,27.338981577869017,530953.0,1718.98666666667,10000.0,,2020-05-15,2020-07-04,2020-05-01,2020-05-26,2020-03-07,1.0,-34.0,73931.0,213.0,,,,,,,,,,,,,,,,,,,
199.72294216393175,0.0,1.0,Mexico,MEX,,19159.8396708757,18.788242688768314,,,1.2318752984135606,127575529.0,64.9146264050001,10000.0,-2.0,2020-03-24,2020-03-26,2020-03-20,2020-03-24,2020-03-21,1.0,46.0,2547976.0,239692.0,41929.365,,,,,,,,,,,,,,,,,,
747.2381265962038,0.0,1.0,Macedonia,MKD,,15864.630738001,26.32161228034725,,,5.329049980276618,2083459.0,82.59151467089609,10000.0,,2020-04-17,2020-04-01,2020-03-23,2020-03-30,2020-03-15,1.0,8.0,155684.0,5484.0,,,,,,,,,,,,,,,,,,,
7.3384765747902225,0.0,1.0,Mali,MLI,,2268.77277968675,0.26706642186086693,,,0.093346073164703,19658031.0,15.635015858186,10000.0,-20.0,2020-05-24,2020-04-14,2020-03-28,2020-04-06,2020-04-12,0.0,,14426.0,525.0,35399.38,,,,,,,,,,,,,,,,,,
609.5855391293795,0.0,1.0,Malta,MLT,,39554.5207833331,8.35566484234651,,,5.800650320826266,502653.0,1514.46875,10000.0,-163.0,2020-08-10,2020-08-22,2020-04-09,2020-05-06,2020-03-08,1.0,103.0,30641.0,420.0,41282.450000000004,,,,,,,,,,,,,,,,,,
29.483904464060046,0.0,1.0,Myanmar,MMR,,4851.54520827769,0.6192939198178125,,,0.27162338640351025,54045420.0,82.23861548355491,10000.0,-180.0,2020-09-03,2020-09-09,2020-03-31,2020-04-18,2020-06-19,1.0,78.0,159347.0,3347.0,58007.530000000006,,,,,,,,,,,,,,,,,,
1611.4135632505381,0.0,1.0,Montenegro,MNE,,21399.247125947,25.87854443635405,,,9.632696886468967,622137.0,46.2622304832714,10000.0,,2020-07-08,2020-06-29,2020-03-24,2020-04-19,2020-03-18,0.0,,100252.0,1610.0,,,,,,,,,,,,,,,,,,,
365.7578041695205,0.0,1.0,Mongolia,MNG,,10838.6742959267,1.5751122344982447,,,7.443689848352925,3225167.0,2.0406086665465097,10000.0,-431.0,2020-12-23,2021-04-02,2020-12-18,2021-03-18,2020-04-14,1.0,-36.0,117963.0,508.0,44583.855,,,,,,,,,,,,,,,,,,
25.16100553921493,0.0,1.0,Mozambique,MOZ,,1250.40568832637,0.2891388260225997,,,0.29365515002165105,30366036.0,37.508535313716,10000.0,-118.0,2020-07-07,2020-07-19,2020-05-26,2020-06-22,2020-05-21,1.0,37.0,76404.0,878.0,41511.08,,,,,,,,,,,,,,,,,,
45.9774584947818,0.0,1.0,Mauritania,MRT,,5134.570124212391,1.0804967898860198,,,0.7757291443601793,4525696.0,4.27216357815077,10000.0,-12.0,2020-06-08,2020-03-31,2020-03-31,2020-03-31,2020-05-16,1.0,53.0,20808.0,489.0,33766.979999999996,,,,,,,,,,,,,,,,,,
,0.0,1.0,Martinique,MTQ,,,,,,,,,10000.0,,2020-09-17,2020-04-19,2020-03-26,2020-04-10,,0.0,,12286.0,98.0,,,,,,,,,,,,,,,,,,,
15.11403472040616,0.0,1.0,Mauritius,MUS,,24407.6944963746,0.14221255879106684,,,0.18397338954717377,1265711.0,623.30197044335,10000.0,-40.0,2021-04-01,2020-04-29,2020-03-19,2020-04-01,2020-03-20,0.0,,1913.0,18.0,35244.090000000004,,,,,,,,,,,,,,,,,,
19.39260863868085,0.0,1.0,Malawi,MWI,,1034.67763754961,0.6420184889515113,,,0.45290984182365335,18628747.0,192.440761561307,10000.0,-93.0,2020-06-27,2020-06-21,2020-04-08,2020-06-14,2020-05-26,1.0,91.0,36126.0,1196.0,36274.005000000005,,,,,,,,,,,,,,,,,,
235.362832109908,0.0,1.0,Malaysia,MYS,,27534.0985632531,1.618164658864442,,,2.3576958656975022,31949777.0,95.9628214883579,10000.0,-4.0,2020-03-21,2020-03-22,2020-03-17,2020-03-22,2020-03-14,1.0,3.0,751979.0,5170.0,50995.6,,,,,,,,,,,,,,,,,,
,0.0,1.0,Mayotte,MYT,,,,,,,,,10000.0,,2020-05-11,2020-05-08,2020-04-02,2020-05-03,,0.0,,19412.0,174.0,,,,,,,,,,,,,,,,,,,
2.3547111274793586,0.0,1.0,Niger,NER,,1200.89846346738,0.08279454319612246,,,0.0273632594648917,23310715.0,17.717650588142398,10000.0,-19.0,2020-06-17,2020-04-01,2020-03-27,2020-04-01,2020-04-03,0.0,,5489.0,193.0,19799.065000000002,,,,,,,,,,,,,,,,,,
8.340714479342102,0.0,1.0,Nigeria,NGA,,4928.92448925559,0.1054917413177896,,,0.07876692989701937,200963599.0,215.06498896538105,10000.0,-23.0,2020-04-25,2020-04-12,2020-03-23,2020-04-04,2020-04-25,1.0,115.0,167618.0,2120.0,41746.515,,,,,,,,,,,,,,,,,,
10.089371296502543,0.0,1.0,Nicaragua,NIC,,5564.86004289553,0.2918034399806157,,,0.1123999787509477,6545502.0,53.7270483629716,10000.0,,2020-06-04,2020-05-21,2020-03-28,2020-05-05,2020-05-21,0.0,,6604.0,191.0,8342.935000000001,,,,,,,,,,,,,,,,,,
972.0034500962047,0.0,1.0,Netherlands,NLD,,57013.8278018364,10.237208537545758,,,6.192246844245793,17332850.0,511.475927574948,10000.0,-5.0,2020-03-16,2020-03-15,2020-03-07,2020-03-14,2020-03-08,1.0,89.0,1684759.0,17744.0,44116.024999999994,,,,,,,,,,,,,,,,,,
245.72280388399474,0.0,1.0,Norway,NOR,,66180.44754280441,1.4865659317234292,,,1.7237753741978954,5347896.0,14.5482916341657,10000.0,-2.0,2020-03-14,2020-03-26,2020-03-14,2020-03-21,2020-03-03,1.0,19.0,131410.0,795.0,36338.815,,,,,,,,,,,,,,,,,,
223.93949255314203,0.0,1.0,Nepal,NPL,,3456.70621317444,3.1965789439649672,,,3.0297716025244457,28608710.0,195.939107080572,10000.0,-78.0,2020-05-28,2020-06-04,2020-05-16,2020-05-28,2020-05-12,1.0,2.0,640662.0,9145.0,50859.729999999996,,,,,,,,,,,,,,,,,,
4.852552369330893,0.0,1.0,New Zealand,NZL,,40558.7075404077,0.052877770998576365,,,0.11752229873035243,4917000.0,18.3851733697923,10000.0,-32.0,2020-04-10,2020-04-17,2020-03-29,2020-04-13,2020-03-19,1.0,-9.0,2386.0,26.0,35836.11,,,,,,,,,,,,,,,,,,
539.7904637319582,0.0,1.0,Oman,OMN,,26592.7532261192,6.231173313854551,,,4.015804552730686,4974986.0,15.6041453957997,10000.0,-39.0,2020-04-16,2020-04-25,2020-04-01,2020-04-17,2020-03-15,0.0,,268545.0,3100.0,48554.53,,,,,,,,,,,,,,,,,,
44.2070322635871,0.0,1.0,Pakistan,PAK,,5005.03489337163,1.0288350972245703,,,0.25621765135476193,216565318.0,275.289318700706,10000.0,-16.0,2020-03-26,2020-03-29,2020-03-19,2020-03-23,2020-03-27,1.0,47.0,957371.0,22281.0,47373.375,,,,,,,,,,,,,,,,,,
948.0437609017815,0.0,1.0,Panama,PAN,,28614.4061544348,15.391719979964389,,,8.082065938071876,4246439.0,56.1860774818402,10000.0,-16.0,2020-04-01,2020-03-29,2020-03-12,2020-03-25,2020-03-14,1.0,13.0,402581.0,6536.0,52620.89,,,,,,,,,,,,,,,,,,
631.2016015279763,0.0,1.0,Peru,PER,,12252.3001760349,59.159741637558845,,,2.717038204824241,32510453.0,24.99160625,10000.0,-8.0,2020-04-01,2020-03-20,2020-03-06,2020-03-17,2020-03-19,0.0,,2052065.0,192331.0,57604.18,,,,,,,,,,,,,,,,,,
130.6498543262754,0.0,1.0,Philippines,PHL,,9777.79811708797,2.281055506593505,,,0.978163386688663,108116615.0,357.688305329175,10000.0,0.0,2020-03-29,2020-03-15,2020-02-02,2020-03-13,2020-03-25,1.0,90.0,1412542.0,24662.0,55833.82,,,,,,,,,,,,,,,,,,
19.630567487254318,0.0,1.0,Papua New Guinea,PNG,,4267.44321910109,0.19826554114129621,,,0.29992139536357826,8776109.0,19.004363379410897,10000.0,-325.0,2021-02-20,2021-02-12,2020-07-30,2020-08-29,2020-07-27,0.0,,17228.0,174.0,41812.72,,,,,,,,,,,,,,,,,,
758.985689926442,0.0,1.0,Poland,POL,,31622.5530218615,19.76909986322675,,,7.1319137926611855,37970874.0,124.023482151605,10000.0,-15.0,2020-03-26,2020-03-25,2020-03-13,2020-03-18,2020-03-18,0.0,,2881935.0,75065.0,41011.265,,,,,,,,,,,,,,,,,,
438.44526119283813,0.0,1.0,Puerto Rico,PRI,,22575.8356225788,7.981353254256669,,,3.270731098757204,3193694.0,360.017361894025,10000.0,-20.0,2020-04-17,2020-04-02,2020-03-22,2020-03-31,2020-03-22,1.0,17.0,140026.0,2549.0,43095.020000000004,,,,,,,,,,,,,,,,,,
856.4166787656982,0.0,1.0,Portugal,PRT,,33966.827561712096,16.63677694653942,,,11.887028946517328,10269417.0,112.2619412173,10000.0,-3.0,2020-03-21,2020-03-22,2020-03-18,2020-03-21,2020-03-13,1.0,0.0,879490.0,17085.0,45582.284999999996,,,,,,,,,,,,,,,,,,
598.4539158588179,0.0,1.0,Paraguay,PRY,,12223.9404466041,18.117330689619735,,,4.152500873410229,7044636.0,17.5083589227284,10000.0,-53.0,2020-06-03,2020-05-02,2020-03-22,2020-04-07,2020-03-26,1.0,33.0,421589.0,12763.0,43598.265,,,,,,,,,,,,,,,,,,
732.0930585963863,0.0,1.0,Palestina,PSE,,6581.9375600259,8.17662709756844,,,5.024370721082953,4685306.0,758.984551495017,10000.0,-118.0,2020-06-22,2020-07-01,2020-03-26,2020-05-24,2020-03-09,1.0,,343008.0,3831.0,50561.869999999995,,,,,,,,,,,,,,,,,,
680.5544117699714,0.0,1.0,French Polynesia,PYF,,,5.084375570649547,,,11.746748991948374,279287.0,75.8685792349727,10000.0,,2020-09-13,2020-10-08,2020-09-11,2020-09-23,2020-03-12,0.0,,19007.0,142.0,,,,,,,,,,,,,,,,,,,
784.1304601903839,0.0,1.0,Qatar,QAT,,94819.5784405326,2.08328404659918,,,6.3280383449362505,2832067.0,239.59319552110296,10000.0,-32.0,2020-04-05,2020-04-23,2020-03-30,2020-04-08,2020-03-06,1.0,358.0,222071.0,590.0,49976.41499999999,,,,,,,,,,,,,,,,,,
,0.0,1.0,Reunion,REU,,,,,,,,,10000.0,,2020-08-22,2020-09-13,2020-05-21,2020-08-06,,0.0,,30583.0,237.0,,,,,,,,,,,,,,,,,,,
,0.0,1.0,Kosovo,RKS,,,,,,,,,10000.0,-35.0,2020-05-22,2020-04-15,2020-03-22,2020-04-08,,0.0,,107715.0,2248.0,43391.46,,,,,,,,,,,,,,,,,,
558.3600047611806,0.0,1.0,Romania,ROU,,29497.231637342404,17.454562136712006,,,4.319284918393932,19356544.0,84.633801286509,10000.0,-18.0,2020-03-27,2020-03-26,2020-03-23,2020-03-25,2020-03-14,0.0,,1080792.0,33786.0,42593.595,,,,,,,,,,,,,,,,,,
383.5981435240191,0.0,1.0,Russia,RUS,,26157.0471095464,9.412112822478164,,,1.964625996031752,144373535.0,8.822067953155882,10000.0,-21.0,2020-03-27,2020-03-31,2020-03-26,2020-03-29,2020-03-26,1.0,-6.0,5538142.0,135886.0,40706.454999999994,,,,,,,,,,,,,,,,,,
30.92354052245396,0.0,1.0,Rwanda,RWA,,2155.33405420523,0.3468771160098044,,,0.55844274123431,12626950.0,498.659870287799,10000.0,-164.0,2020-06-30,2020-08-19,2020-05-31,2020-07-19,2020-03-30,1.0,-47.0,39047.0,438.0,48969.42,,,,,,,,,,,,,,,,,,
142.28565639002645,0.0,1.0,Saudi Arabia,SAU,,47495.4269689778,2.2816853995012565,,,1.161457199779009,34268528.0,15.6766543082956,10000.0,-18.0,2020-03-26,2020-03-31,2020-03-24,2020-03-29,2020-03-17,1.0,-7.0,487592.0,7819.0,46114.985,,,,,,,,,,,,,,,,,,
8.587764373252964,0.0,1.0,Sudan,SDN,,3828.6602186371206,0.6448939928346462,,,0.06386542672352216,42813238.0,,10000.0,-36.0,2020-05-09,2020-04-19,2020-03-15,2020-04-15,2020-04-27,0.0,,36767.0,2761.0,29774.44,,,,,,,,,,,,,,,,,,
26.464799141698112,0.0,1.0,Senegal,SEN,,3309.3857335665803,0.7154970274350769,,,0.1965381445123061,16296364.0,82.3474783150678,10000.0,-52.0,2020-05-03,2020-05-05,2020-04-02,2020-04-21,2020-03-23,1.0,34.0,43128.0,1166.0,27813.930000000004,,,,,,,,,,,,,,,,,,
109.71901979269472,0.0,1.0,Singapore,SGP,,88155.21431181481,0.06311837377613912,,,1.5092054015401835,5703569.0,7952.9984184018,10000.0,-33.0,2020-04-02,2020-04-15,2020-03-21,2020-04-04,2020-02-07,0.0,,62579.0,36.0,42355.185,,,,,,,,,,,,,,,,,,
7.135346973045027,0.0,1.0,Sierra Leone,SLE,,1594.3080379405098,0.12798828651201843,,,0.09781961897704265,7813215.0,105.987170961485,10000.0,-44.0,2020-06-09,2020-05-05,2020-04-23,2020-04-27,2020-04-21,0.0,,5575.0,100.0,33539.285,,,,,,,,,,,,,,,,,,
122.05059755455638,0.0,1.0,El Salvador,SLV,,8359.11514408538,3.6894405298910535,,,0.6460450102890165,6453553.0,309.88146718146703,10000.0,-42.0,2020-05-14,2020-05-02,2020-04-02,2020-04-09,2020-04-03,1.0,17.0,78766.0,2381.0,38672.08,,,,,,,,,,,,,,,,,,
1508.5646780862376,0.0,1.0,San Marino,SMR,,,26.580035440047254,,,11.285967428908954,33860.0,563.083333333333,10000.0,-9.0,2020-10-31,2020-03-17,2020-02-28,2020-03-11,2020-02-28,0.0,,5108.0,90.0,37621.62,,,,,,,,,,,,,,,,,,
9.678230876897837,0.0,1.0,Somalia,SOM,,,0.5018485835404672,,,0.10656766234813242,15442905.0,23.923476902477105,10000.0,-34.0,2020-05-11,2020-04-22,2020-04-09,2020-04-16,2020-04-16,0.0,,14946.0,775.0,28144.065000000002,,,,,,,,,,,,,,,,,,
1031.7704527374108,0.0,1.0,Serbia,SRB,,17191.6687286766,10.146904776475077,,,10.41071319294063,6944975.0,79.8376857992225,10000.0,-14.0,2020-04-02,2020-03-29,2020-03-21,2020-03-27,2020-03-15,1.0,15.0,716562.0,7047.0,38272.665,,,,,,,,,,,,,,,,,,
9.804636781417798,0.0,1.0,South Sudan,SSD,,,0.10576641189617209,,,0.16297583859947395,11062113.0,,10000.0,-69.0,2020-05-30,2020-05-24,2020-05-15,2020-05-15,2020-05-06,1.0,111.0,10846.0,117.0,40468.905,,,,,,,,,,,,,,,,,,
110.01785581429952,0.0,1.0,São Tomé and Príncipe,STP,,3904.16324878385,1.7204821069860874,,,1.1957018504150414,215056.0,219.820833333333,10000.0,,2020-12-08,2020-05-14,2020-05-01,2020-05-07,2020-04-07,0.0,,2366.0,37.0,,,,,,,,,,,,,,,,,,,
370.1416648892619,0.0,1.0,Suriname,SUR,,14335.5736602169,8.875556442346724,,,4.542210986621794,581372.0,3.69225,10000.0,-105.0,2020-07-20,2020-06-26,2020-04-07,2020-06-17,2020-03-25,1.0,121.0,21519.0,516.0,52869.16,,,,,,,,,,,,,,,,,,
718.1036997487932,0.0,1.0,Slovakia,SVK,,30266.9761188856,22.93882021747784,,,5.477819708578996,5454073.0,113.285586522463,10000.0,-39.0,2020-04-17,2020-04-18,2020-03-31,2020-04-15,2020-03-14,1.0,-5.0,391659.0,12511.0,40295.515,,,,,,,,,,,,,,,,,,
1232.905448704133,0.0,1.0,Slovenia,SVN,,37423.2997620672,22.821471436521826,,,8.389311108346945,2087946.0,102.96366052404,10000.0,-10.0,2020-04-07,2020-03-29,2020-03-14,2020-03-26,2020-03-09,1.0,-3.0,257424.0,4765.0,40768.03,,,,,,,,,,,,,,,,,,
1059.702474942037,0.0,1.0,Sweden,SWE,,54507.8050447004,14.258001081721924,,,6.480234060390228,10285453.0,24.981498121823694,10000.0,-8.0,2020-03-17,2020-03-20,2020-03-12,2020-03-17,2020-03-06,1.0,109.0,1089952.0,14665.0,38290.715,,,,,,,,,,,,,,,,,,
166.21811118949944,0.0,1.0,Swaziland,SWZ,,7844.29342722687,5.905254631444174,,,2.0256541382197883,1148130.0,66.05761627906979,10000.0,-104.0,2020-07-07,2020-06-29,2020-04-17,2020-06-21,2020-03-27,0.0,,19084.0,678.0,48630.285,,,,,,,,,,,,,,,,,,
1613.4186939820743,0.0,1.0,Seychelles,SYC,,25224.4707472977,5.838668373879641,,,26.01060910920066,97625.0,210.35217391304295,10000.0,-333.0,2021-01-24,2021-02-18,2021-01-05,2021-02-02,2020-03-15,0.0,,15751.0,57.0,44772.4,,,,,,,,,,,,,,,,,,
14.9471577114065,0.0,1.0,Syria,SYR,,,1.0989954092337288,,,0.08925362503409777,17070135.0,92.0671077710614,10000.0,-110.0,2020-08-08,2020-07-04,2020-03-29,2020-06-01,2020-05-25,0.0,,25515.0,1876.0,38827.47,,,,,,,,,,,,,,,,,,
634.9663533293184,0.0,1.0,Turks and Caicos Islands,TCA,,25041.5615460552,4.713152313372261,,,7.967471767843583,38191.0,39.647368421052605,10000.0,-323.0,2021-01-14,2021-02-12,2020-04-06,2020-09-05,2020-03-24,0.0,,2425.0,18.0,11100.0,,,,,,,,,,,,,,,,,,
3.104683324809198,0.0,1.0,Chad,TCD,,1555.3735752994598,0.1091122800478288,,,0.03166764449663997,15946876.0,12.2917336404066,10000.0,-15.0,2020-08-28,2020-04-28,2020-04-28,2020-04-28,2020-05-02,0.0,,4951.0,174.0,33541.425,,,,,,,,,,,,,,,,,,
17.218967812148076,0.0,1.0,Togo,TGO,,1602.34934023553,0.15960672901969547,,,0.20220387375252669,8082366.0,145.04677330391598,10000.0,-54.0,2020-08-06,2020-05-09,2020-03-28,2020-04-16,2020-04-05,1.0,32.0,13917.0,129.0,37513.565,,,,,,,,,,,,,,,,,,
38.03688132904943,0.0,1.0,Thailand,THA,,17781.190932459598,0.29874077031054475,,,0.5858889214435169,69625582.0,135.897206835131,10000.0,-21.0,2020-03-26,2020-03-31,2020-03-01,2020-03-27,2020-03-21,1.0,33.0,264834.0,2080.0,41972.67,,,,,,,,,,,,,,,,,,
14.943646713266727,0.0,1.0,Tajikistan,TJK,,3614.10331423744,0.09762882122961247,,,0.19985554612780954,9321018.0,65.57271417249079,10000.0,-20.0,2020-05-15,2020-05-08,2020-05-03,2020-05-05,2020-05-03,0.0,,13929.0,91.0,27066.990000000005,,,,,,,,,,,,,,,,,,
71.74900376531471,0.0,1.0,Timor-Leste,TLS,,4379.01478210749,0.18559776787751167,,,1.4466683156881042,1293119.0,85.270477471419,10000.0,-414.0,2021-04-10,2021-05-16,2021-04-06,2021-05-08,2020-04-15,0.0,,9278.0,24.0,36624.80500000001,,,,,,,,,,,,,,,,,,
233.18014040415122,0.0,1.0,Trinidad and Tobago,TTO,,26502.925548927906,5.971441741166316,,,3.780411110875572,1394973.0,270.927485380117,10000.0,-148.0,2020-08-25,2020-08-16,2020-03-27,2020-04-02,2020-03-19,1.0,276.0,32528.0,833.0,52454.91499999999,,,,,,,,,,,,,,,,,,
359.22453545057385,0.0,1.0,Tunisia,TUN,,10268.5140250377,12.79124363740591,,,2.7968057328147125,11694719.0,74.44132337796091,10000.0,-19.0,2020-05-03,2020-04-01,2020-03-20,2020-03-25,2020-03-21,1.0,378.0,420103.0,14959.0,40303.245,,,,,,,,,,,,,,,,,,
650.3268653463163,0.0,1.0,Turkey,TUR,,27700.8948087171,5.9609528343142895,,,6.957669818873241,83429615.0,106.960128893104,10000.0,-6.0,2020-03-23,2020-03-22,2020-03-18,2020-03-21,2020-03-21,1.0,15.0,5425652.0,49732.0,47593.21,,,,,,,,,,,,,,,,,,
0.10499011101764673,0.0,1.0,Tanzania,TZA,,2472.8247871151502,0.003620348655780922,,,0.004827131541041229,58005463.0,63.579078798825904,10000.0,-35.0,,2020-04-21,2020-04-01,2020-04-18,2020-04-25,0.0,,609.0,21.0,14047.144999999999,,,,,,,,,,,,,,,,,,
18.541394348455057,0.0,1.0,Uganda,UGA,,2123.2693499645497,0.25096231964539817,,,0.33136255359120104,44269594.0,213.06173449032505,10000.0,-145.0,2020-07-10,2020-08-10,2020-07-22,2020-08-03,2020-05-26,1.0,-78.0,82082.0,1111.0,49982.835,,,,,,,,,,,,,,,,,,
503.7272033859069,0.0,1.0,Ukraine,UKR,,13215.935703041,11.803721311776426,,,3.4305227888532936,44385155.0,77.0296708039151,10000.0,-18.0,2020-04-04,2020-03-30,2020-03-14,2020-03-26,2020-03-28,1.0,34.0,2235801.0,52391.0,48392.16999999999,,,,,,,,,,,,,,,,,,
1063.5652537138903,0.0,1.0,Uruguay,URY,,20091.3460153413,16.055537484971403,,,10.762360300193073,3461734.0,19.7080276539824,10000.0,-39.0,2020-07-17,2020-04-21,2020-04-01,2020-04-06,2020-03-18,1.0,1.0,368178.0,5558.0,38512.535,,,,,,,,,,,,,,,,,,
1015.2883386928393,4.0,2.0,United States,USA,2020-04-16,62666.5079148546,18.309769478917993,29866.92857142857,0.9099126241244436,7.104763815155451,328239523.0,35.7136220923495,10000.0,14.0,2020-03-11,2020-03-05,2020-02-29,2020-03-04,2020-03-12,1.0,21.0,33325776.0,600999.0,40321.945,0.05676422325780942,142.0,2020-06-10,2020-01-20,2021-01-14,,233206.42857142855,7.104763815155451,,,0.015567613432471053,,386.0,,2021-07-01,,2020-06-10,
33.1003122333844,0.0,1.0,Uzbekistan,UZB,,6652.23101932006,0.22036500186863567,,,0.213685985402733,33580650.0,77.4708509637988,10000.0,-49.0,2020-04-14,2020-05-04,2020-03-28,2020-04-19,2020-04-01,0.0,,111153.0,740.0,39874.59,,,,,,,,,,,,,,,,,,
201.19541726573166,0.0,1.0,Saint Vincent and the Grenadines,VCT,,12158.0062404744,1.0850988796354069,,,3.6234551873539473,110589.0,282.589743589744,10000.0,,2021-02-03,2021-03-23,2021-01-17,2021-02-11,2020-03-13,0.0,,2225.0,12.0,,,,,,,,,,,,,,,,,,,
95.27304992606035,0.0,1.0,Venezuela,VEN,,,1.0874661928993894,,,0.48486854691927667,28515829.0,32.7307919052208,10000.0,-41.0,2020-05-25,2020-04-22,2020-03-29,2020-04-08,2020-04-02,0.0,,271679.0,3101.0,55774.585,,,,,,,,,,,,,,,,,,
361.8084797104032,0.0,1.0,"Virgin Islands, U.S.",VIR,,,2.8134407442488585,,,2.92731810770655,106631.0,305.648571428571,10000.0,,2020-08-27,2020-08-21,2020-04-07,2020-05-12,2020-03-13,1.0,2.0,3858.0,30.0,33231.215,,,,,,,,,,,,,,,,,,
1.7677407955409974,0.0,1.0,Vietnam,VNM,,7432.706805549759,0.0090190856915357,,,0.03893460801814015,96462106.0,308.12524591221296,10000.0,-181.0,2020-08-21,2020-08-07,2020-08-01,2020-08-03,2020-07-31,0.0,,17052.0,87.0,51914.235,,,,,,,,,,,,,,,,,,
2.3729574477292683,0.0,1.0,Yemen,YEM,,,0.4667044922484876,,,0.034756674425349215,29161922.0,53.9778529083092,10000.0,-56.0,2020-06-25,2020-05-12,2020-05-01,2020-05-07,2020-05-20,0.0,,6920.0,1361.0,23783.565,,,,,,,,,,,,,,,,,,
337.0953411021193,0.0,1.0,South Africa,ZAF,,12129.2300594444,10.356692573055865,,,2.918277567187107,58558270.0,47.6301197767684,10000.0,-21.0,2020-03-28,2020-04-06,2020-03-28,2020-04-01,2020-03-24,1.0,10.0,1973972.0,60647.0,43058.08,,,,,,,,,,,,,,,,,,
86.75199582554869,5.0,3.0,Zambia,ZMB,2020-08-11,3330.78465613912,1.231171998479371,261.2857142857143,0.14628815599420317,1.4725594532582147,17861030.0,23.341478900711603,10000.0,-61.0,2020-05-28,2020-06-15,2020-04-03,2020-04-20,2020-04-29,1.0,45.0,154948.0,2199.0,32341.109999999997,0.020137635379061374,261.0,2020-12-04,2020-03-18,2021-01-24,,1287.5,0.7208430868768486,,,0.012113918973124749,,166.0,,2021-05-19,,2020-12-04,
34.04739268147662,0.0,1.0,Zimbabwe,ZWE,,2942.0295311550103,1.2215382943037394,,,0.6042824988590327,14645468.0,37.3245909267158,10000.0,-96.0,2020-07-14,2020-06-21,2020-03-05,2020-03-05,2020-05-26,1.0,77.0,49864.0,1789.0,50076.604999999996,,,,,,,,,,,,,,,,,,
